A_type,A_params,B_type,B_params,sliced_pca,sliced_pca_time,gromov_wasserstein,gromov_wasserstein_time,standard_ot,standard_ot_time,procrustes_ot,procrustes_ot_time,diffusion_k10_t0,diffusion_k10_t0_time,diffusion_k10_t1,diffusion_k10_t1_time,sw_proj100,sw_proj100_time,sw_proj1000,sw_proj1000_time,sw_proj10000,sw_proj10000_time
banana,{'phase': 0.0},banana,{'phase': 0.0},0.03173638162549789,0.006455421447753906,0.06475717848120485,0.00861668586730957,0.25060913140676117,0.0,0.24410015992500783,0.0,0.04488561884708037,0.009966850280761719,0.04642999113876546,0.007323265075683594,0.036555630954278155,0.0,0.03574546237479971,0.02051687240600586,0.0356624335749631,0.18723464012145996
banana,{'phase': 0.0},banana,{'phase': 0.2},0.05142712994451557,0.0,0.08740605937908195,0.011521339416503906,0.3661328144507625,0.0,0.26918313275394595,0.009674310684204102,0.04389728343309751,0.012910604476928711,0.028993151349958054,0.01088714599609375,0.08138964108784812,0.0,0.0824678724853032,0.027786731719970703,0.08263791443231805,0.17034196853637695
banana,{'phase': 0.0},banana,{'phase': 1.0},0.18254443810591792,0.0,0.2671508091392275,0.011862039566040039,0.7827273228181929,0.0,0.5082692873382675,0.0025300979614257812,0.056857660159823575,0.014268159866333008,0.06049132067962488,0.004088163375854492,0.37272196213759595,0.005394458770751953,0.38391122368595887,0.01616072654724121,0.38462870285931633,0.1601574420928955
banana,{'phase': 0.0},cylinder,{'angle': 0.0},0.3211619673124013,0.0,0.6317594649457086,0.054032087326049805,OT: Feature dimension mismatch: 2 vs 3,,"Procrustes: Shape mismatch (100, 2) vs (100, 3)",,0.05908253374301727,0.017482280731201172,0.12811404186384565,0.012649059295654297,SW: Feature dimension mismatch: 2 vs 3,,SW: Feature dimension mismatch: 2 vs 3,,SW: Feature dimension mismatch: 2 vs 3,
banana,{'phase': 0.0},cylinder,{'angle': 0.2},0.3049436534784992,0.0010340213775634766,0.738194710814643,0.021399736404418945,OT: Feature dimension mismatch: 2 vs 3,,"Procrustes: Shape mismatch (100, 2) vs (100, 3)",,0.05464526477564113,0.011719465255737305,0.13342002530186284,0.012703895568847656,SW: Feature dimension mismatch: 2 vs 3,,SW: Feature dimension mismatch: 2 vs 3,,SW: Feature dimension mismatch: 2 vs 3,
banana,{'phase': 0.0},cylinder,{'angle': 1.5707963267948966},0.3181732152026329,0.0,0.7436482598017728,0.015039920806884766,OT: Feature dimension mismatch: 2 vs 3,,"Procrustes: Shape mismatch (100, 2) vs (100, 3)",,0.0670761578843268,0.020824193954467773,0.13763540369573177,0.009267330169677734,SW: Feature dimension mismatch: 2 vs 3,,SW: Feature dimension mismatch: 2 vs 3,,SW: Feature dimension mismatch: 2 vs 3,
banana,{'phase': 0.0},normal,"{'mean': array([0., 0.])}",0.5362976895906456,0.006253480911254883,0.9989065754207886,0.03505086898803711,1.3396381747787502,0.0,0.905198910709465,0.017491817474365234,0.0887790148207644,0.00849771499633789,0.1287350007439748,0.0,1.3521801958467796,0.001024007797241211,1.2963662329156376,0.026314735412597656,1.2915567490805848,0.19044280052185059
banana,{'phase': 0.0},normal,"{'mean': array([1., 1.])}",0.3963309832997355,0.004845142364501953,0.6610111858890841,0.02694416046142578,0.9708120086629548,0.0,0.8342265496636753,0.01093745231628418,0.08273863147823454,0.015449285507202148,0.12660174194679238,0.012247800827026367,0.6602774317275413,0.0,0.6838946653487896,0.02029561996459961,0.6858625444392925,0.16867351531982422
banana,{'phase': 0.0},normal,"{'mean': array([ 2., -2.])}",0.44740868996205646,0.008304357528686523,0.7842982044829047,0.02068471908569336,1.651554533265709,0.0,0.7981357272881956,0.0025589466094970703,0.09429791357304598,0.01757979393005371,0.15356341083519826,0.011206865310668945,1.9031469438165705,0.003142833709716797,1.9773434004020893,0.01659703254699707,1.9823306265498324,0.18184494972229004
banana,{'phase': 0.0},normal,"{'mean': array([0., 0.]), 'cov': array([[1, 0],
       [0, 4]])}",1.001111189244346,0.0,1.9935146004337372,0.01386404037475586,1.5481876234978778,0.0,1.1191627678007792,0.020949840545654297,0.10629836578691818,0.025407791137695312,0.1598460093511189,0.00802922248840332,1.8221819600906086,0.0055370330810546875,1.7848056557897285,0.011790752410888672,1.781002455950434,0.16759586334228516
banana,{'phase': 0.0},normal,"{'mean': array([0., 0.]), 'cov': array([[2., 0.],
       [0., 2.]])}",0.6931072853016063,0.0,1.2822153847318687,0.032454490661621094,1.3186853090031028,0.0,0.9485722373876585,0.0,0.12645740101616948,0.027167081832885742,0.1657616590417129,0.056014060974121094,1.2844841429283569,0.0020072460174560547,1.249791639947133,0.01626133918762207,1.2468595630086403,0.17685651779174805
banana,{'phase': 0.0},normal,"{'mean': array([0., 0.]), 'angle': 0.7853981633974483}",0.45566206786781693,0.007611989974975586,0.8071943925793328,0.014664173126220703,1.304076210681853,0.0,0.8354497446728658,0.025835275650024414,0.07960610745125588,0.011525630950927734,0.1254687912171733,0.013062000274658203,1.2696440891610992,0.003368854522705078,1.2196176532342762,0.016739368438720703,1.2153507599575044,0.16568326950073242
banana,{'phase': 0.0},swissroll,{},5.47163556806021,0.0,10.904739883551597,0.03650164604187012,3.400583240106406,0.0,2.6791417179000985,0.013013124465942383,0.07416817817548448,0.016446828842163086,0.11411295944537926,0.015729427337646484,8.907414637397713,0.0,8.941221605359674,0.021335363388061523,8.939142426606649,0.18232035636901855
banana,{'phase': 0.2},banana,{'phase': 0.0},0.051502992905923015,0.0,0.08869310489513899,0.01645040512084961,0.36389548198322436,0.0,0.2700183143971989,0.0,0.04637997989984994,0.0156402587890625,0.05293237135565288,0.015650510787963867,0.08127157290510978,0.002980470657348633,0.08253424680467782,0.027019262313842773,0.08270573804849511,0.16497373580932617
banana,{'phase': 0.2},banana,{'phase': 0.2},0.03446640879112447,0.009361505508422852,0.06443204501690043,0.02400684356689453,0.24441821547077863,0.0016417503356933594,0.24363775888597747,0.0,0.04081053380907168,0.010881662368774414,0.06826627492164064,0.01149749755859375,0.033472301674458284,0.0021817684173583984,0.03334305785121941,0.01573014259338379,0.03334598394355687,0.1643679141998291
banana,{'phase': 0.2},banana,{'phase': 1.0},0.1654657761183884,0.017029523849487305,0.22481439014251478,0.015725374221801758,0.7105119844621574,0.0,0.48312926556019586,0.0,0.054119014496535625,0.01710367202758789,0.04996215066642757,0.008027076721191406,0.32314729452297586,0.0032732486724853516,0.3329946259748427,0.016869306564331055,0.3335437022959296,0.15771079063415527
banana,{'phase': 0.2},cylinder,{'angle': 0.0},0.31277734370919774,0.0,0.6900151966346991,0.021603822708129883,OT: Feature dimension mismatch: 2 vs 3,,"Procrustes: Shape mismatch (100, 2) vs (100, 3)",,0.07109222310095567,0.007155656814575195,0.13937789927808591,0.016693592071533203,SW: Feature dimension mismatch: 2 vs 3,,SW: Feature dimension mismatch: 2 vs 3,,SW: Feature dimension mismatch: 2 vs 3,
banana,{'phase': 0.2},cylinder,{'angle': 0.2},0.3019197289310958,0.007162809371948242,0.6615569492101633,0.03394055366516113,OT: Feature dimension mismatch: 2 vs 3,,"Procrustes: Shape mismatch (100, 2) vs (100, 3)",,0.06494566484273433,0.032515525817871094,0.12860520369096626,0.016928434371948242,SW: Feature dimension mismatch: 2 vs 3,,SW: Feature dimension mismatch: 2 vs 3,,SW: Feature dimension mismatch: 2 vs 3,
banana,{'phase': 0.2},cylinder,{'angle': 1.5707963267948966},0.31813620265436565,0.0,0.7199021535961484,0.027669429779052734,OT: Feature dimension mismatch: 2 vs 3,,"Procrustes: Shape mismatch (100, 2) vs (100, 3)",,0.06631650080888292,0.02039170265197754,0.14252557562673673,0.016917943954467773,SW: Feature dimension mismatch: 2 vs 3,,SW: Feature dimension mismatch: 2 vs 3,,SW: Feature dimension mismatch: 2 vs 3,
banana,{'phase': 0.2},normal,"{'mean': array([0., 0.])}",0.43594252888407503,0.0,0.7296199564149979,0.019324541091918945,1.3248336268857852,0.0,0.8165113328319341,0.010031700134277344,0.07957924493083937,0.015541315078735352,0.14780909791511287,0.008099555969238281,1.3206051590629704,0.004945039749145508,1.264157933261343,0.021754026412963867,1.2593809560537639,0.21691346168518066
banana,{'phase': 0.2},normal,"{'mean': array([1., 1.])}",0.4840634188640676,0.012473344802856445,0.8654437861384345,0.02386641502380371,0.999841926494248,0.0,0.8150823046471102,0.015880823135375977,0.10911630760280663,0.019579648971557617,0.17932976755606017,0.01590132713317871,0.6847582857488832,0.0023262500762939453,0.6969862302648789,0.0220489501953125,0.6980876241191066,0.17389750480651855
banana,{'phase': 0.2},normal,"{'mean': array([ 2., -2.])}",0.4390942435116492,0.0,0.7348529045918679,0.03208565711975098,1.6238594369696864,0.0,0.7925946024266469,0.008053779602050781,0.0993651305034068,0.029305219650268555,0.16033255344911854,0.0077610015869140625,1.8245366800944074,0.008058786392211914,1.8988253540727387,0.023760318756103516,1.9039399515004038,0.17492341995239258
banana,{'phase': 0.2},normal,"{'mean': array([0., 0.]), 'cov': array([[1, 0],
       [0, 4]])}",0.9457587366318783,0.0,1.875364126118466,0.02437448501586914,1.5145341646627,0.0,1.12674005626823,0.01655888557434082,0.07794849020847783,0.008077859878540039,0.10279622890080853,0.0,1.6395398159585812,0.015850067138671875,1.6265114611509421,0.024495840072631836,1.6253533277454308,0.16841769218444824
banana,{'phase': 0.2},normal,"{'mean': array([0., 0.]), 'cov': array([[2., 0.],
       [0., 2.]])}",0.7600869641403367,0.0,1.4523677713801917,0.026365995407104492,1.3564730008543309,0.0,0.998026928416752,0.02512955665588379,0.09879978102841037,0.009252309799194336,0.16506738193084064,0.024207592010498047,1.4402150329533336,0.0,1.3907251651801318,0.021791696548461914,1.3865994935067767,0.19458293914794922
banana,{'phase': 0.2},normal,"{'mean': array([0., 0.]), 'angle': 0.7853981633974483}",0.5201781441498079,0.0024743080139160156,0.9326450504648494,0.03987622261047363,1.3423149736084412,0.013855934143066406,0.8463951045581374,0.018855810165405273,0.08986025881205327,0.013761281967163086,0.14231442554594453,0.016319751739501953,1.368544297936374,0.0,1.3130200934466678,0.02408003807067871,1.3084171109827263,0.24660468101501465
banana,{'phase': 0.2},swissroll,{},5.657644195935921,0.0,11.26459706738595,0.049907684326171875,3.35918276756477,0.0,2.723922734269849,0.016960620880126953,0.06721049909573587,0.01971912384033203,0.12262631247382808,0.009136676788330078,8.574893937154126,0.0,8.686735028684138,0.03218221664428711,8.692571943337569,0.26671266555786133
banana,{'phase': 1.0},banana,{'phase': 0.0},0.18987833309163657,0.0,0.2561640915689728,0.02061176300048828,0.7803618068455165,0.0,0.5121545188155214,0.0,0.05425884011902458,0.022284984588623047,0.07385020038024535,0.010292291641235352,0.3741651602896319,0.007046222686767578,0.38466653504336096,0.02247333526611328,0.38540176342111243,0.22636938095092773
banana,{'phase': 1.0},banana,{'phase': 0.2},0.16572161502305027,0.012686967849731445,0.23712079649112205,0.017008543014526367,0.7082852346814635,0.0,0.4822350780405014,0.009976863861083984,0.04932201962812248,0.003966808319091797,0.07901192211594203,0.027602434158325195,0.31797178103101076,0.0021157264709472656,0.32741057057956047,0.01605701446533203,0.3278709562116156,0.2042407989501953
banana,{'phase': 1.0},banana,{'phase': 1.0},0.03926208354270927,0.0,0.07282748994601758,0.016902446746826172,0.25120152651091143,0.0,0.2507713133302053,0.008962869644165039,0.054755295833549864,0.021277427673339844,0.09604366965848636,0.01837444305419922,0.03721363385451124,0.0019421577453613281,0.03792412210509416,0.0249636173248291,0.03803938273264023,0.19337821006774902
banana,{'phase': 1.0},cylinder,{'angle': 0.0},0.4678301723692777,0.006840705871582031,0.691034365781868,0.027489662170410156,OT: Feature dimension mismatch: 2 vs 3,,"Procrustes: Shape mismatch (100, 2) vs (100, 3)",,0.059116822187381235,0.01941823959350586,0.18659082157007467,0.015448808670043945,SW: Feature dimension mismatch: 2 vs 3,,SW: Feature dimension mismatch: 2 vs 3,,SW: Feature dimension mismatch: 2 vs 3,
banana,{'phase': 1.0},cylinder,{'angle': 0.2},0.45773650962797585,0.0,0.6732583802104192,0.06245994567871094,OT: Feature dimension mismatch: 2 vs 3,,"Procrustes: Shape mismatch (100, 2) vs (100, 3)",,0.06200551069476169,0.019221782684326172,0.16971061472939147,0.017050981521606445,SW: Feature dimension mismatch: 2 vs 3,,SW: Feature dimension mismatch: 2 vs 3,,SW: Feature dimension mismatch: 2 vs 3,
banana,{'phase': 1.0},cylinder,{'angle': 1.5707963267948966},0.46041364502871523,0.0,0.6969220318774517,0.04760313034057617,OT: Feature dimension mismatch: 2 vs 3,,"Procrustes: Shape mismatch (100, 2) vs (100, 3)",,0.06034762623078683,0.025972604751586914,0.1742496649430983,0.022841215133666992,SW: Feature dimension mismatch: 2 vs 3,,SW: Feature dimension mismatch: 2 vs 3,,SW: Feature dimension mismatch: 2 vs 3,
banana,{'phase': 1.0},normal,"{'mean': array([0., 0.])}",0.5815315893569157,0.008600473403930664,0.8102623463823933,0.020244598388671875,1.3159147885781861,0.0041887760162353516,0.869771556207917,0.016973018646240234,0.09585433517252333,0.02835702896118164,0.1711329620508827,0.012212276458740234,1.3241504039010392,0.004179477691650391,1.2710063019130102,0.020909786224365234,1.267137384146814,0.22583556175231934
banana,{'phase': 1.0},normal,"{'mean': array([1., 1.])}",0.5378354941177512,0.0,0.7504464933475797,0.03335213661193848,1.1159493411664922,0.0,0.819615853885693,0.016721725463867188,0.10555051259494495,0.02909684181213379,0.17511889434531006,0.010517597198486328,0.8252117697363076,0.0,0.8531615550070597,0.024877548217773438,0.8558862173194337,0.1902618408203125
banana,{'phase': 1.0},normal,"{'mean': array([ 2., -2.])}",0.5420929777380503,0.008553266525268555,0.7520642185692205,0.02215719223022461,1.5572804080868308,0.0,0.8298405198167365,0.009455204010009766,0.12354432170210909,0.012759208679199219,0.1767756672100342,0.011860370635986328,1.7047680224429564,0.0,1.7627828305393856,0.021097183227539062,1.7668435527360145,0.19083690643310547
banana,{'phase': 1.0},normal,"{'mean': array([0., 0.]), 'cov': array([[1, 0],
       [0, 4]])}",0.845634821660046,0.0,1.5717986950334963,0.030217409133911133,1.415028708274978,0.0022275447845458984,1.0332531086509862,0.00907278060913086,0.08804120134243751,0.01616525650024414,0.18098179720086646,0.00809788703918457,1.4793165286692578,0.008564472198486328,1.4704068685189027,0.019005537033081055,1.4704231893242645,0.16829562187194824
banana,{'phase': 1.0},normal,"{'mean': array([0., 0.]), 'cov': array([[2., 0.],
       [0., 2.]])}",0.8127809359076114,0.003570556640625,1.534651539409033,0.02802586555480957,1.30172567374532,0.002100229263305664,1.0009402431075423,0.012543916702270508,0.13326900130227007,0.025923967361450195,0.17128295463700285,0.022493600845336914,1.3011157450926052,0.007780790328979492,1.2582679281533204,0.016411304473876953,1.2551442886995468,0.21071124076843262
banana,{'phase': 1.0},normal,"{'mean': array([0., 0.]), 'angle': 0.7853981633974483}",0.636046429496605,0.0024602413177490234,0.8680697693456173,0.02769947052001953,1.247944085515337,0.0,0.9308067187903327,0.0,0.1273759881120691,0.013716459274291992,0.204237845627667,0.008033275604248047,1.1717751044703195,0.0038115978240966797,1.1283135576900312,0.02722024917602539,1.1251600894495646,0.21213722229003906
banana,{'phase': 1.0},swissroll,{},5.510142588955273,0.0,10.856033563870405,0.019034862518310547,3.5100134688318283,0.0,2.6960712545151866,0.016619205474853516,0.06738955386109022,0.01620650291442871,0.13705468788972588,0.006123065948486328,9.26153242261413,0.008043527603149414,9.389794183699783,0.016220808029174805,9.39633513752203,0.18636608123779297
cylinder,{'angle': 0.0},banana,{'phase': 0.0},0.35442073765556437,0.0,0.6937798396359562,0.019949674606323242,OT: Feature dimension mismatch: 3 vs 2,,"Procrustes: Shape mismatch (100, 3) vs (100, 2)",,0.07082269945526716,0.016408205032348633,0.24720660101739825,0.010699748992919922,SW: Feature dimension mismatch: 3 vs 2,,SW: Feature dimension mismatch: 3 vs 2,,SW: Feature dimension mismatch: 3 vs 2,
cylinder,{'angle': 0.0},banana,{'phase': 0.2},0.37101698494338414,0.0,0.6617648309681137,0.02824854850769043,OT: Feature dimension mismatch: 3 vs 2,,"Procrustes: Shape mismatch (100, 3) vs (100, 2)",,0.06322563733767883,0.015308380126953125,0.24213472693753602,0.020391225814819336,SW: Feature dimension mismatch: 3 vs 2,,SW: Feature dimension mismatch: 3 vs 2,,SW: Feature dimension mismatch: 3 vs 2,
cylinder,{'angle': 0.0},banana,{'phase': 1.0},0.5378432169155798,0.002418041229248047,0.715754126857902,0.04049229621887207,OT: Feature dimension mismatch: 3 vs 2,,"Procrustes: Shape mismatch (100, 3) vs (100, 2)",,0.06601441598296834,0.013082265853881836,0.27409233122601406,0.00820159912109375,SW: Feature dimension mismatch: 3 vs 2,,SW: Feature dimension mismatch: 3 vs 2,,SW: Feature dimension mismatch: 3 vs 2,
cylinder,{'angle': 0.0},cylinder,{'angle': 0.0},0.10150327120607978,0.002580404281616211,0.3762702169225904,0.02355051040649414,0.5139234703534737,0.0,0.5304325854989558,0.016291141510009766,0.054524945365267585,0.010997772216796875,0.07382258385990959,0.012433290481567383,0.07930302158441337,0.0038738250732421875,0.07935803302190951,0.026751041412353516,0.07904947495398795,0.35862040519714355
cylinder,{'angle': 0.0},cylinder,{'angle': 0.2},0.09702905809724739,0.006338834762573242,0.22482225423794244,0.033399343490600586,0.5134282472079436,0.0,0.5297983361889463,0.013315677642822266,0.05693398130434026,0.024641990661621094,0.06579405597984028,0.020762205123901367,0.08967088563316146,0.0020058155059814453,0.0891207448812165,0.021754980087280273,0.08963514631619726,0.1977858543395996
cylinder,{'angle': 0.0},cylinder,{'angle': 1.5707963267948966},0.07518280459605713,0.0,0.4142319991256282,0.02899789810180664,0.5935976516887737,0.0,0.6165584763354313,0.00586247444152832,0.06416220651130808,0.010269641876220703,0.058510376325373675,0.018869400024414062,0.13863571053720403,0.002262592315673828,0.13550375961051211,0.016452550888061523,0.13603599472572375,0.1952531337738037
cylinder,{'angle': 0.0},normal,"{'mean': array([0., 0.])}",0.40240135282217654,0.0,0.6508434226015225,0.016465187072753906,OT: Feature dimension mismatch: 3 vs 2,,"Procrustes: Shape mismatch (100, 3) vs (100, 2)",,0.15032663182517636,0.008026361465454102,0.22456921332965796,0.015566110610961914,SW: Feature dimension mismatch: 3 vs 2,,SW: Feature dimension mismatch: 3 vs 2,,SW: Feature dimension mismatch: 3 vs 2,
cylinder,{'angle': 0.0},normal,"{'mean': array([1., 1.])}",0.4511243482500534,0.0,0.7591368118393983,0.018040180206298828,OT: Feature dimension mismatch: 3 vs 2,,"Procrustes: Shape mismatch (100, 3) vs (100, 2)",,0.15565842981134248,0.017992734909057617,0.22942475212060356,0.008317232131958008,SW: Feature dimension mismatch: 3 vs 2,,SW: Feature dimension mismatch: 3 vs 2,,SW: Feature dimension mismatch: 3 vs 2,
cylinder,{'angle': 0.0},normal,"{'mean': array([ 2., -2.])}",0.4722064584583681,0.0,0.7584117427914561,0.04034996032714844,OT: Feature dimension mismatch: 3 vs 2,,"Procrustes: Shape mismatch (100, 3) vs (100, 2)",,0.11818630582069672,0.009387731552124023,0.24097034183965693,0.02219390869140625,SW: Feature dimension mismatch: 3 vs 2,,SW: Feature dimension mismatch: 3 vs 2,,SW: Feature dimension mismatch: 3 vs 2,
cylinder,{'angle': 0.0},normal,"{'mean': array([0., 0.]), 'cov': array([[1, 0],
       [0, 4]])}",1.0212138572284186,0.0,1.5948275119243525,0.026743173599243164,OT: Feature dimension mismatch: 3 vs 2,,"Procrustes: Shape mismatch (100, 3) vs (100, 2)",,0.1281422920522003,0.015842199325561523,0.19978381037754675,0.02470541000366211,SW: Feature dimension mismatch: 3 vs 2,,SW: Feature dimension mismatch: 3 vs 2,,SW: Feature dimension mismatch: 3 vs 2,
cylinder,{'angle': 0.0},normal,"{'mean': array([0., 0.]), 'cov': array([[2., 0.],
       [0., 2.]])}",0.9052795215597773,0.0032548904418945312,1.4557521481550248,0.023940086364746094,OT: Feature dimension mismatch: 3 vs 2,,"Procrustes: Shape mismatch (100, 3) vs (100, 2)",,0.12500687271461042,0.012943506240844727,0.18625654704779285,0.016192197799682617,SW: Feature dimension mismatch: 3 vs 2,,SW: Feature dimension mismatch: 3 vs 2,,SW: Feature dimension mismatch: 3 vs 2,
cylinder,{'angle': 0.0},normal,"{'mean': array([0., 0.]), 'angle': 0.7853981633974483}",0.4368980632288578,0.005941152572631836,0.7118311913271376,0.0293424129486084,OT: Feature dimension mismatch: 3 vs 2,,"Procrustes: Shape mismatch (100, 3) vs (100, 2)",,0.13355773543322141,0.007683515548706055,0.18938580461695867,0.016430377960205078,SW: Feature dimension mismatch: 3 vs 2,,SW: Feature dimension mismatch: 3 vs 2,,SW: Feature dimension mismatch: 3 vs 2,
cylinder,{'angle': 0.0},swissroll,{},6.37018873300166,0.0015022754669189453,10.897402875877937,0.0323333740234375,OT: Feature dimension mismatch: 3 vs 2,,"Procrustes: Shape mismatch (100, 3) vs (100, 2)",,0.07292609904475872,0.008440732955932617,0.13228184849477778,0.024484872817993164,SW: Feature dimension mismatch: 3 vs 2,,SW: Feature dimension mismatch: 3 vs 2,,SW: Feature dimension mismatch: 3 vs 2,
cylinder,{'angle': 0.2},banana,{'phase': 0.0},0.33104367364917237,0.008130311965942383,0.6897884203202519,0.0706484317779541,OT: Feature dimension mismatch: 3 vs 2,,"Procrustes: Shape mismatch (100, 3) vs (100, 2)",,0.05734487246698926,0.03132510185241699,0.22687852877058415,0.014836311340332031,SW: Feature dimension mismatch: 3 vs 2,,SW: Feature dimension mismatch: 3 vs 2,,SW: Feature dimension mismatch: 3 vs 2,
cylinder,{'angle': 0.2},banana,{'phase': 0.2},0.34219700896276856,0.003299236297607422,0.7324992870756204,0.052544355392456055,OT: Feature dimension mismatch: 3 vs 2,,"Procrustes: Shape mismatch (100, 3) vs (100, 2)",,0.06775023597812646,0.013242721557617188,0.2449406462704059,0.015468835830688477,SW: Feature dimension mismatch: 3 vs 2,,SW: Feature dimension mismatch: 3 vs 2,,SW: Feature dimension mismatch: 3 vs 2,
cylinder,{'angle': 0.2},banana,{'phase': 1.0},0.5148299268262748,0.0,0.7205791367586668,0.046707868576049805,OT: Feature dimension mismatch: 3 vs 2,,"Procrustes: Shape mismatch (100, 3) vs (100, 2)",,0.07484711709157114,0.009015321731567383,0.27958265264451154,0.025664567947387695,SW: Feature dimension mismatch: 3 vs 2,,SW: Feature dimension mismatch: 3 vs 2,,SW: Feature dimension mismatch: 3 vs 2,
cylinder,{'angle': 0.2},cylinder,{'angle': 0.0},0.07560467222558691,0.0,0.3275915236689432,0.027637958526611328,0.5582245417876502,0.002011537551879883,0.5348234638947014,0.0,0.043798059035171644,0.01762557029724121,0.06033100156094064,0.01576519012451172,0.10784464971051892,0.008719205856323242,0.11251864401877104,0.022123098373413086,0.11262048768060225,0.2386341094970703
cylinder,{'angle': 0.2},cylinder,{'angle': 0.2},0.09471392107382699,0.0,0.4077775620542141,0.015858173370361328,0.5727633962164149,0.0,0.565917418064069,0.0,0.056754179423939614,0.009637832641601562,0.0701382764948241,0.022022724151611328,0.13582705932095757,0.002537965774536133,0.13615652804379613,0.022342920303344727,0.1378929664045487,0.2050626277923584
cylinder,{'angle': 0.2},cylinder,{'angle': 1.5707963267948966},0.0720016674669546,0.008264541625976562,0.35822998445074633,0.016622543334960938,0.5784125592667911,0.01330113410949707,0.663382574666107,0.002970457077026367,0.05291821578166995,0.016138315200805664,0.03472794381940446,0.017324209213256836,0.14180210942101312,0.0,0.14112288181103907,0.01671123504638672,0.14019372187150742,0.20868468284606934
cylinder,{'angle': 0.2},normal,"{'mean': array([0., 0.])}",0.48060458586625426,0.0,0.7626965524752878,0.017624378204345703,OT: Feature dimension mismatch: 3 vs 2,,"Procrustes: Shape mismatch (100, 3) vs (100, 2)",,0.10688399169051849,0.021608591079711914,0.16139425758046871,0.01981043815612793,SW: Feature dimension mismatch: 3 vs 2,,SW: Feature dimension mismatch: 3 vs 2,,SW: Feature dimension mismatch: 3 vs 2,
cylinder,{'angle': 0.2},normal,"{'mean': array([1., 1.])}",0.4289588438654168,0.003659963607788086,0.6995247894123202,0.017581939697265625,OT: Feature dimension mismatch: 3 vs 2,,"Procrustes: Shape mismatch (100, 3) vs (100, 2)",,0.11380149192958476,0.022423982620239258,0.18484077892577364,0.014879465103149414,SW: Feature dimension mismatch: 3 vs 2,,SW: Feature dimension mismatch: 3 vs 2,,SW: Feature dimension mismatch: 3 vs 2,
cylinder,{'angle': 0.2},normal,"{'mean': array([ 2., -2.])}",0.32337143101529503,0.0,0.5789633443305103,0.02517414093017578,OT: Feature dimension mismatch: 3 vs 2,,"Procrustes: Shape mismatch (100, 3) vs (100, 2)",,0.08949242250139194,0.019733905792236328,0.14091053402235473,0.013559341430664062,SW: Feature dimension mismatch: 3 vs 2,,SW: Feature dimension mismatch: 3 vs 2,,SW: Feature dimension mismatch: 3 vs 2,
cylinder,{'angle': 0.2},normal,"{'mean': array([0., 0.]), 'cov': array([[1, 0],
       [0, 4]])}",0.9551671597459117,0.001127004623413086,1.5971366439267036,0.03303790092468262,OT: Feature dimension mismatch: 3 vs 2,,"Procrustes: Shape mismatch (100, 3) vs (100, 2)",,0.14237264837813732,0.03740692138671875,0.26926742539434073,0.029701948165893555,SW: Feature dimension mismatch: 3 vs 2,,SW: Feature dimension mismatch: 3 vs 2,,SW: Feature dimension mismatch: 3 vs 2,
cylinder,{'angle': 0.2},normal,"{'mean': array([0., 0.]), 'cov': array([[2., 0.],
       [0., 2.]])}",0.8850668200256799,0.0,1.5266999448855159,0.01878833770751953,OT: Feature dimension mismatch: 3 vs 2,,"Procrustes: Shape mismatch (100, 3) vs (100, 2)",,0.1207566285502789,0.014501333236694336,0.18257698471976488,0.016620159149169922,SW: Feature dimension mismatch: 3 vs 2,,SW: Feature dimension mismatch: 3 vs 2,,SW: Feature dimension mismatch: 3 vs 2,
cylinder,{'angle': 0.2},normal,"{'mean': array([0., 0.]), 'angle': 0.7853981633974483}",0.5124540190355231,0.013903379440307617,0.8274137475052306,0.04518914222717285,OT: Feature dimension mismatch: 3 vs 2,,"Procrustes: Shape mismatch (100, 3) vs (100, 2)",,0.11854149755116132,0.017580747604370117,0.15168166434537186,0.013875722885131836,SW: Feature dimension mismatch: 3 vs 2,,SW: Feature dimension mismatch: 3 vs 2,,SW: Feature dimension mismatch: 3 vs 2,
cylinder,{'angle': 0.2},swissroll,{},6.1497125812169156,0.00851297378540039,10.494101795164857,0.020603179931640625,OT: Feature dimension mismatch: 3 vs 2,,"Procrustes: Shape mismatch (100, 3) vs (100, 2)",,0.06945877753640393,0.014503240585327148,0.14267419908329268,0.00979304313659668,SW: Feature dimension mismatch: 3 vs 2,,SW: Feature dimension mismatch: 3 vs 2,,SW: Feature dimension mismatch: 3 vs 2,
cylinder,{'angle': 1.5707963267948966},banana,{'phase': 0.0},0.3345755815303306,0.0,0.6450641517813763,0.023648977279663086,OT: Feature dimension mismatch: 3 vs 2,,"Procrustes: Shape mismatch (100, 3) vs (100, 2)",,0.05925511570693886,0.01670527458190918,0.2346997299688889,0.017969608306884766,SW: Feature dimension mismatch: 3 vs 2,,SW: Feature dimension mismatch: 3 vs 2,,SW: Feature dimension mismatch: 3 vs 2,
cylinder,{'angle': 1.5707963267948966},banana,{'phase': 0.2},0.37692143105622306,0.0,0.6919192685177796,0.033287763595581055,OT: Feature dimension mismatch: 3 vs 2,,"Procrustes: Shape mismatch (100, 3) vs (100, 2)",,0.07897261106769078,0.021724939346313477,0.26354473219240365,0.015486478805541992,SW: Feature dimension mismatch: 3 vs 2,,SW: Feature dimension mismatch: 3 vs 2,,SW: Feature dimension mismatch: 3 vs 2,
cylinder,{'angle': 1.5707963267948966},banana,{'phase': 1.0},0.5134979393473471,0.0,0.7182561885968871,0.05002927780151367,OT: Feature dimension mismatch: 3 vs 2,,"Procrustes: Shape mismatch (100, 3) vs (100, 2)",,0.06371849287271647,0.022510051727294922,0.29560125352751054,0.022476673126220703,SW: Feature dimension mismatch: 3 vs 2,,SW: Feature dimension mismatch: 3 vs 2,,SW: Feature dimension mismatch: 3 vs 2,
cylinder,{'angle': 1.5707963267948966},cylinder,{'angle': 0.0},0.08765110431157548,0.002715587615966797,0.26671332928390956,0.03257036209106445,0.6493181935861008,0.0010094642639160156,0.5595019856584459,0.0025436878204345703,0.06925040372374582,0.023212432861328125,0.07914344621350484,0.01938343048095703,0.20724919473202363,0.002007722854614258,0.20324060714552364,0.02417755126953125,0.2025776917188516,0.2696216106414795
cylinder,{'angle': 1.5707963267948966},cylinder,{'angle': 0.2},0.07810011231702417,0.010704517364501953,0.26974251809161814,0.031697750091552734,0.5511699713003997,0.0017147064208984375,0.5419939236638027,0.0020935535430908203,0.04849317783858942,0.020668506622314453,0.04778965329328346,0.02080059051513672,0.10455598804974241,0.0,0.10327209835689029,0.03596854209899902,0.10342403558902448,0.28429222106933594
cylinder,{'angle': 1.5707963267948966},cylinder,{'angle': 1.5707963267948966},0.0886174164915929,0.0011570453643798828,0.3676411806344526,0.027441978454589844,0.5866196269775127,0.0,0.6905144819044331,0.005272865295410156,0.05057129493972349,0.027361392974853516,0.05566692077959242,0.021099328994750977,0.12340359873188136,0.007540702819824219,0.12428945206360471,0.027646541595458984,0.12453834180963703,0.2514781951904297
cylinder,{'angle': 1.5707963267948966},normal,"{'mean': array([0., 0.])}",0.5085436242128244,0.0,0.8012076457532652,0.03730893135070801,OT: Feature dimension mismatch: 3 vs 2,,"Procrustes: Shape mismatch (100, 3) vs (100, 2)",,0.14609180033920802,0.03387117385864258,0.18042906885593346,0.01566767692565918,SW: Feature dimension mismatch: 3 vs 2,,SW: Feature dimension mismatch: 3 vs 2,,SW: Feature dimension mismatch: 3 vs 2,
cylinder,{'angle': 1.5707963267948966},normal,"{'mean': array([1., 1.])}",0.42393007095003915,0.0020089149475097656,0.712253491450383,0.02869129180908203,OT: Feature dimension mismatch: 3 vs 2,,"Procrustes: Shape mismatch (100, 3) vs (100, 2)",,0.09612620302739705,0.014462709426879883,0.16115221153242837,0.020075559616088867,SW: Feature dimension mismatch: 3 vs 2,,SW: Feature dimension mismatch: 3 vs 2,,SW: Feature dimension mismatch: 3 vs 2,
cylinder,{'angle': 1.5707963267948966},normal,"{'mean': array([ 2., -2.])}",0.33775767737599144,0.0,0.5911206707825002,0.03510713577270508,OT: Feature dimension mismatch: 3 vs 2,,"Procrustes: Shape mismatch (100, 3) vs (100, 2)",,0.0811470423262822,0.015908002853393555,0.12097045643418139,0.020445823669433594,SW: Feature dimension mismatch: 3 vs 2,,SW: Feature dimension mismatch: 3 vs 2,,SW: Feature dimension mismatch: 3 vs 2,
cylinder,{'angle': 1.5707963267948966},normal,"{'mean': array([0., 0.]), 'cov': array([[1, 0],
       [0, 4]])}",1.0320410311194481,0.002009153366088867,1.725660388153914,0.036184072494506836,OT: Feature dimension mismatch: 3 vs 2,,"Procrustes: Shape mismatch (100, 3) vs (100, 2)",,0.11565660489061198,0.02150726318359375,0.23351582312662114,0.02267765998840332,SW: Feature dimension mismatch: 3 vs 2,,SW: Feature dimension mismatch: 3 vs 2,,SW: Feature dimension mismatch: 3 vs 2,
cylinder,{'angle': 1.5707963267948966},normal,"{'mean': array([0., 0.]), 'cov': array([[2., 0.],
       [0., 2.]])}",0.9245974689718411,0.0,1.446294825130959,0.016421794891357422,OT: Feature dimension mismatch: 3 vs 2,,"Procrustes: Shape mismatch (100, 3) vs (100, 2)",,0.12653572805659202,0.022241830825805664,0.1748482690601035,0.01670098304748535,SW: Feature dimension mismatch: 3 vs 2,,SW: Feature dimension mismatch: 3 vs 2,,SW: Feature dimension mismatch: 3 vs 2,
cylinder,{'angle': 1.5707963267948966},normal,"{'mean': array([0., 0.]), 'angle': 0.7853981633974483}",0.33513093864407256,0.0,0.6158953547195573,0.041060686111450195,OT: Feature dimension mismatch: 3 vs 2,,"Procrustes: Shape mismatch (100, 3) vs (100, 2)",,0.12782718112450225,0.014114141464233398,0.19004246957828352,0.016588687896728516,SW: Feature dimension mismatch: 3 vs 2,,SW: Feature dimension mismatch: 3 vs 2,,SW: Feature dimension mismatch: 3 vs 2,
cylinder,{'angle': 1.5707963267948966},swissroll,{},6.382482859792372,0.003715038299560547,10.892447669805598,0.02310776710510254,OT: Feature dimension mismatch: 3 vs 2,,"Procrustes: Shape mismatch (100, 3) vs (100, 2)",,0.0737754212193345,0.02059650421142578,0.18550195949974976,0.01665806770324707,SW: Feature dimension mismatch: 3 vs 2,,SW: Feature dimension mismatch: 3 vs 2,,SW: Feature dimension mismatch: 3 vs 2,
normal,"{'mean': array([0., 0.])}",banana,{'phase': 0.0},0.40916585664965255,0.008317708969116211,0.7924567308804159,0.042005300521850586,1.2961897740632924,0.0014531612396240234,0.8181081781323838,0.004057645797729492,0.12683170004815525,0.016149044036865234,0.23911712157015994,0.01620006561279297,1.2446399882852224,0.002448558807373047,1.199182420803888,0.02352142333984375,1.1953734510188725,0.22469472885131836
normal,"{'mean': array([0., 0.])}",banana,{'phase': 0.2},0.49691564875749256,0.0,0.8830033533745334,0.016809463500976562,1.2819826402234944,0.0,0.8504792695061539,0.0,0.12363929641391179,0.013375520706176758,0.24623627103057172,0.02102971076965332,1.2297550846390795,0.0033445358276367188,1.17997001370642,0.014914512634277344,1.1756883766835642,0.2108628749847412
normal,"{'mean': array([0., 0.])}",banana,{'phase': 1.0},0.5641456058566124,0.0,0.8156075134189565,0.0257108211517334,1.3120227001819926,0.0020058155059814453,0.8325737850499249,0.002005338668823242,0.17705665310127336,0.016474008560180664,0.3527680232752755,0.020061492919921875,1.2906267399655487,0.004151821136474609,1.2485816241003072,0.02036452293395996,1.245792268618393,0.19841241836547852
normal,"{'mean': array([0., 0.])}",cylinder,{'angle': 0.0},0.4850012771879165,0.0,0.8633380771825607,0.016715049743652344,OT: Feature dimension mismatch: 2 vs 3,,"Procrustes: Shape mismatch (100, 2) vs (100, 3)",,0.14776624724659948,0.01193380355834961,0.1924964596085308,0.01897716522216797,SW: Feature dimension mismatch: 2 vs 3,,SW: Feature dimension mismatch: 2 vs 3,,SW: Feature dimension mismatch: 2 vs 3,
normal,"{'mean': array([0., 0.])}",cylinder,{'angle': 0.2},0.39888808206713205,0.0030126571655273438,0.7653195393808689,0.022794246673583984,OT: Feature dimension mismatch: 2 vs 3,,"Procrustes: Shape mismatch (100, 2) vs (100, 3)",,0.14073382825021927,0.011974334716796875,0.16660338200829103,0.008594274520874023,SW: Feature dimension mismatch: 2 vs 3,,SW: Feature dimension mismatch: 2 vs 3,,SW: Feature dimension mismatch: 2 vs 3,
normal,"{'mean': array([0., 0.])}",cylinder,{'angle': 1.5707963267948966},0.40430362627793565,0.00745081901550293,0.7599427056449924,0.02737736701965332,OT: Feature dimension mismatch: 2 vs 3,,"Procrustes: Shape mismatch (100, 2) vs (100, 3)",,0.1686566982625808,0.012494802474975586,0.19192616860736353,0.01161336898803711,SW: Feature dimension mismatch: 2 vs 3,,SW: Feature dimension mismatch: 2 vs 3,,SW: Feature dimension mismatch: 2 vs 3,
normal,"{'mean': array([0., 0.])}",normal,"{'mean': array([0., 0.])}",0.16250754284626764,0.0,0.4494117162588292,0.007607221603393555,0.6145075474991788,0.0,0.5872872809757576,0.01575303077697754,0.09116502125961111,0.016108274459838867,0.10951642672378144,0.015749216079711914,0.22505703336461347,0.0028231143951416016,0.22650104626964288,0.02678990364074707,0.22674767868885545,0.23126578330993652
normal,"{'mean': array([0., 0.])}",normal,"{'mean': array([1., 1.])}",0.16766284471449605,0.0023565292358398438,0.35852836443740776,0.026381254196166992,1.1510271602119322,0.0,0.5401794416480126,0.0,0.0842165797127746,0.013829946517944336,0.11847328054059822,0.016504287719726562,0.9971549219435272,0.0,0.9519379168268636,0.024872303009033203,0.9475740781541605,0.22209548950195312
normal,"{'mean': array([0., 0.])}",normal,"{'mean': array([ 2., -2.])}",0.14099090294354152,0.008031845092773438,0.38458598021519586,0.02486705780029297,1.7920361884103593,0.006369352340698242,0.5743262736819194,0.003809213638305664,0.13320841753096557,0.027162790298461914,0.08957164582036452,0.016626834869384766,2.118395853564318,0.0,2.2440907023481595,0.017102956771850586,2.2554562022617533,0.24626970291137695
normal,"{'mean': array([0., 0.])}",normal,"{'mean': array([0., 0.]), 'cov': array([[1, 0],
       [0, 4]])}",0.6922036143596273,0.002194643020629883,1.256548457311655,0.024886131286621094,0.9753307758945152,0.0,0.9084068250794054,0.0,0.1224891356844158,0.018673419952392578,0.2034698120605208,0.013578414916992188,0.7345844201914395,0.010473966598510742,0.7445638207923126,0.02457451820373535,0.7445788961271795,0.23862314224243164
normal,"{'mean': array([0., 0.])}",normal,"{'mean': array([0., 0.]), 'cov': array([[2., 0.],
       [0., 2.]])}",0.401729788892919,0.0,0.8743502365212523,0.03204989433288574,0.7819532859019104,0.0,0.7919798520842857,0.0,0.17191372817864714,0.01670527458190918,0.11933531469607271,0.019886016845703125,0.4261569088690019,0.0022492408752441406,0.42081426684090556,0.01515817642211914,0.4203925039558665,0.26624393463134766
normal,"{'mean': array([0., 0.])}",normal,"{'mean': array([0., 0.]), 'angle': 0.7853981633974483}",0.16233134449472267,0.0,0.4381233720362179,0.016528606414794922,0.5900295781451002,0.0,0.5824591215561231,0.009832143783569336,0.13503095481482766,0.025007963180541992,0.14898736209875058,0.020316600799560547,0.1989248759434455,0.0,0.1927783755265167,0.0285184383392334,0.1920188141799901,0.2416987419128418
normal,"{'mean': array([0., 0.])}",swissroll,{},5.6073717960479765,0.004297733306884766,11.225143532492078,0.023250579833984375,3.5607978178976367,0.008487939834594727,2.728445247859134,0.0029244422912597656,0.1594226550888027,0.014843940734863281,0.1811379013078298,0.015067100524902344,9.39240685515071,0.0033066272735595703,9.488124677853836,0.02651834487915039,9.491894862059155,0.1991269588470459
normal,"{'mean': array([1., 1.])}",banana,{'phase': 0.0},0.40558985097595,0.007354736328125,0.6978508087242326,0.0425877571105957,0.8585527724973888,0.0,0.8085543190925738,0.0,0.12656683690458395,0.016873598098754883,0.2358757990633863,0.01195669174194336,0.49281110860719773,0.004254579544067383,0.5055521826219282,0.016927480697631836,0.5065242418189275,0.23462414741516113
normal,"{'mean': array([1., 1.])}",banana,{'phase': 0.2},0.4369118630098796,0.0,0.8274721464727289,0.04059481620788574,1.006322477382875,0.0016016960144042969,0.8214205862427947,0.0022733211517333984,0.13094955918396955,0.014534711837768555,0.23795211398142965,0.015920400619506836,0.6833880917081807,0.0,0.7108626276223402,0.03515052795410156,0.7131822970746835,0.22341012954711914
normal,"{'mean': array([1., 1.])}",banana,{'phase': 1.0},0.5774622978316907,0.0,0.7366761172762668,0.036873817443847656,1.122540763929467,0.0,0.8837476505555532,0.0,0.11426503772150642,0.022843360900878906,0.24646482982392726,0.015837669372558594,0.8088103929182687,0.00664067268371582,0.8378363957760744,0.022815704345703125,0.8408128227313159,0.2418193817138672
normal,"{'mean': array([1., 1.])}",cylinder,{'angle': 0.0},0.40188653429796567,0.0,0.7671459885999522,0.018647193908691406,OT: Feature dimension mismatch: 2 vs 3,,"Procrustes: Shape mismatch (100, 2) vs (100, 3)",,0.13596695191491218,0.016577720642089844,0.1850366112908796,0.013687372207641602,SW: Feature dimension mismatch: 2 vs 3,,SW: Feature dimension mismatch: 2 vs 3,,SW: Feature dimension mismatch: 2 vs 3,
normal,"{'mean': array([1., 1.])}",cylinder,{'angle': 0.2},0.38126548271538346,0.0,0.7059803110716135,0.030370473861694336,OT: Feature dimension mismatch: 2 vs 3,,"Procrustes: Shape mismatch (100, 2) vs (100, 3)",,0.13698368281244208,0.013280153274536133,0.15056706584062612,0.018876075744628906,SW: Feature dimension mismatch: 2 vs 3,,SW: Feature dimension mismatch: 2 vs 3,,SW: Feature dimension mismatch: 2 vs 3,
normal,"{'mean': array([1., 1.])}",cylinder,{'angle': 1.5707963267948966},0.37483255003157623,0.007903814315795898,0.7030640906460804,0.028756141662597656,OT: Feature dimension mismatch: 2 vs 3,,"Procrustes: Shape mismatch (100, 2) vs (100, 3)",,0.18898503770909345,0.016459941864013672,0.18535303921706484,0.016049861907958984,SW: Feature dimension mismatch: 2 vs 3,,SW: Feature dimension mismatch: 2 vs 3,,SW: Feature dimension mismatch: 2 vs 3,
normal,"{'mean': array([1., 1.])}",normal,"{'mean': array([0., 0.])}",0.17994550959865965,0.008184432983398438,0.4574637385814363,0.016641855239868164,1.1168564692125005,0.0,0.6173915501980461,0.01235198974609375,0.12612316536782783,0.03150486946105957,0.13319082793455314,0.01717686653137207,0.9479870119629313,0.0037965774536132812,0.9023955623674746,0.024965763092041016,0.8980831591516081,0.27524662017822266
normal,"{'mean': array([1., 1.])}",normal,"{'mean': array([1., 1.])}",0.16107201840005794,0.0020101070404052734,0.387216322170316,0.014022588729858398,0.6934116120507667,0.0,0.5642389753856683,0.0,0.12153817988627952,0.026796340942382812,0.10045591629802156,0.024720430374145508,0.3113774558028994,0.0028274059295654297,0.313536748785182,0.02485823631286621,0.3133946872687247,0.2380235195159912
normal,"{'mean': array([1., 1.])}",normal,"{'mean': array([ 2., -2.])}",0.18495407050740567,0.0,0.37604560866818965,0.033498287200927734,1.826485545131058,0.0,0.5983766414458576,0.0,0.0971356561922217,0.011258363723754883,0.10589044506838183,0.02770853042602539,2.2281887412428465,0.002009153366088867,2.351906121583999,0.0311582088470459,2.3614582127072063,0.2562286853790283
normal,"{'mean': array([1., 1.])}",normal,"{'mean': array([0., 0.]), 'cov': array([[1, 0],
       [0, 4]])}",0.6047521736710706,0.0048830509185791016,1.093660083326767,0.03241372108459473,1.1961822674569382,0.0,0.8900019818401248,0.0,0.10794621685875247,0.016040325164794922,0.2049165859391502,0.023923873901367188,1.1029166982873286,0.005570173263549805,1.0722762962290788,0.026557445526123047,1.068809345116656,0.25020718574523926
normal,"{'mean': array([1., 1.])}",normal,"{'mean': array([0., 0.]), 'cov': array([[2., 0.],
       [0., 2.]])}",0.4674587705987637,0.00610041618347168,0.977166360410211,0.01636028289794922,1.1817658539665588,0.008033037185668945,0.8168542466939095,0.0038650035858154297,0.11004899689371395,0.021517276763916016,0.11929203634883445,0.019899368286132812,1.0846835019509147,0.0,1.0391055410371866,0.024028778076171875,1.0348699975654425,0.22636032104492188
normal,"{'mean': array([1., 1.])}",normal,"{'mean': array([0., 0.]), 'angle': 0.7853981633974483}",0.17312582030645216,0.0,0.408185641081578,0.01687908172607422,1.1187065280638104,0.0,0.5969508297218058,0.0,0.11243973245134695,0.022947072982788086,0.13074503074926716,0.018352031707763672,0.9409742370177975,0.0,0.9001621131048392,0.026344776153564453,0.8960948462405878,0.2153940200805664
normal,"{'mean': array([1., 1.])}",swissroll,{},5.190605515410341,0.0,10.41362623763547,0.02963995933532715,3.367593586715875,0.0,2.6090249233115177,0.0,0.15481872237007252,0.015856027603149414,0.17456095305945193,0.014598846435546875,8.58256342092526,0.0,8.661395437816674,0.023820161819458008,8.663830472097823,0.1989908218383789
normal,"{'mean': array([ 2., -2.])}",banana,{'phase': 0.0},0.4374032882353942,0.0,0.7582225397118127,0.0269775390625,1.6365808040877001,0.0,0.8276654091267492,0.0,0.1154775844516435,0.026100873947143555,0.2342790560924682,0.026432275772094727,1.855541523738832,0.005131959915161133,1.9266818980119342,0.025023698806762695,1.9314611316076116,0.2168571949005127
normal,"{'mean': array([ 2., -2.])}",banana,{'phase': 0.2},0.47796610947920004,0.0,0.8054393445187367,0.03359866142272949,1.620678156151631,0.0,0.8016068532913281,0.0,0.1652094579690529,0.020888090133666992,0.3225320451591574,0.026467561721801758,1.825720749302872,0.0,1.8928371738625347,0.035324811935424805,1.8973651108195027,0.23833394050598145
normal,"{'mean': array([ 2., -2.])}",banana,{'phase': 1.0},0.5683905551791941,0.0,0.8051730520721875,0.045285701751708984,1.5754040157726843,0.0,0.9294813508091931,0.0036644935607910156,0.14544760978618398,0.030670881271362305,0.2579267624539676,0.013829469680786133,1.7537698273582136,0.006520271301269531,1.8033095349182966,0.017181396484375,1.8064201917472396,0.2276442050933838
normal,"{'mean': array([ 2., -2.])}",cylinder,{'angle': 0.0},0.3958041793933163,0.0,0.7322802731175605,0.03223729133605957,OT: Feature dimension mismatch: 2 vs 3,,"Procrustes: Shape mismatch (100, 2) vs (100, 3)",,0.14969378305686437,0.01531219482421875,0.1853712704881311,0.016435861587524414,SW: Feature dimension mismatch: 2 vs 3,,SW: Feature dimension mismatch: 2 vs 3,,SW: Feature dimension mismatch: 2 vs 3,
normal,"{'mean': array([ 2., -2.])}",cylinder,{'angle': 0.2},0.38647912748287416,0.0,0.71777445457362,0.024658679962158203,OT: Feature dimension mismatch: 2 vs 3,,"Procrustes: Shape mismatch (100, 2) vs (100, 3)",,0.12011730457792265,0.0161287784576416,0.1489030099748729,0.016292095184326172,SW: Feature dimension mismatch: 2 vs 3,,SW: Feature dimension mismatch: 2 vs 3,,SW: Feature dimension mismatch: 2 vs 3,
normal,"{'mean': array([ 2., -2.])}",cylinder,{'angle': 1.5707963267948966},0.36014373104246833,0.0,0.7623371290687451,0.021423816680908203,OT: Feature dimension mismatch: 2 vs 3,,"Procrustes: Shape mismatch (100, 2) vs (100, 3)",,0.12186389576816499,0.014725208282470703,0.14615437708792334,0.01984548568725586,SW: Feature dimension mismatch: 2 vs 3,,SW: Feature dimension mismatch: 2 vs 3,,SW: Feature dimension mismatch: 2 vs 3,
normal,"{'mean': array([ 2., -2.])}",normal,"{'mean': array([0., 0.])}",0.1796834611679347,0.0015087127685546875,0.3574184475552081,0.028429746627807617,1.6209003860051678,0.003551006317138672,0.5932424647276092,0.0009169578552246094,0.10641594382844785,0.00803685188293457,0.1083890192664428,0.020471572875976562,1.7342798781354227,0.0037925243377685547,1.8360331266494518,0.026392221450805664,1.845316156140582,0.25135254859924316
normal,"{'mean': array([ 2., -2.])}",normal,"{'mean': array([1., 1.])}",0.18321746068837322,0.0,0.40513127058981,0.026122570037841797,1.8568026211959898,0.0,0.5793931563162423,0.0,0.1120138789317756,0.021302461624145508,0.20685179212994462,0.0175628662109375,2.305195073071864,0.005440950393676758,2.429764200311234,0.02232503890991211,2.439320827703561,0.24512672424316406
normal,"{'mean': array([ 2., -2.])}",normal,"{'mean': array([ 2., -2.])}",0.15146600835115767,0.016426801681518555,0.3697685776994499,0.03249812126159668,0.5852087823925867,0.0,0.567882128080106,0.0,0.11146051360381984,0.015145540237426758,0.09229163461087056,0.021285295486450195,0.18317373880465282,0.0020096302032470703,0.1903913442560737,0.023770570755004883,0.19113251749329005,0.22308802604675293
normal,"{'mean': array([ 2., -2.])}",normal,"{'mean': array([0., 0.]), 'cov': array([[1, 0],
       [0, 4]])}",0.6078886363566666,0.0008900165557861328,1.125409255922041,0.03984808921813965,1.6799796222585361,0.0,0.8718370664513516,0.026312589645385742,0.19343026200395236,0.02258133888244629,0.29534888768167483,0.02211785316467285,1.914601359873829,0.003185749053955078,2.018877124600725,0.025890111923217773,2.0282077675620025,0.25977635383605957
normal,"{'mean': array([ 2., -2.])}",normal,"{'mean': array([0., 0.]), 'cov': array([[2., 0.],
       [0., 2.]])}",0.31770468884103636,0.0,0.6668871648664706,0.018462419509887695,1.7280562785836107,0.0,0.6935367137498282,0.0,0.11628025741817077,0.027192354202270508,0.1321957327583205,0.018051624298095703,1.9874676752373295,0.0030975341796875,2.090127101862926,0.0232546329498291,2.0998799724557804,0.2435450553894043
normal,"{'mean': array([ 2., -2.])}",normal,"{'mean': array([0., 0.]), 'angle': 0.7853981633974483}",0.15314918431996805,0.0,0.42225090596494097,0.01671433448791504,1.6898658118371654,0.0,0.5523151674765999,0.0050699710845947266,0.14316871435213196,0.015923261642456055,0.17607844937647066,0.015421867370605469,1.889447939459957,0.00442814826965332,1.9971306180986468,0.026299238204956055,2.0071124734054115,0.2371232509613037
normal,"{'mean': array([ 2., -2.])}",swissroll,{},5.260069558179625,0.011053323745727539,10.494910712152242,0.033086299896240234,3.5808390470623244,0.0,2.6160174927809807,0.01038503646850586,0.16145410082319317,0.020977020263671875,0.21959756339152095,0.025266170501708984,9.390745252414357,0.0037658214569091797,9.504783121348945,0.02094292640686035,9.51008049460059,0.2334744930267334
normal,"{'mean': array([0., 0.]), 'cov': array([[1, 0],
       [0, 4]])}",banana,{'phase': 0.0},0.8855121914472757,0.0,1.7714535515657357,0.023978233337402344,1.4642285719852632,0.0,1.0728900877115888,0.008469343185424805,0.20204166177289404,0.02147364616394043,0.2732874243114014,0.0035402774810791016,1.5759994707390135,0.012282133102416992,1.5572853881515911,0.024756431579589844,1.5551359168652048,0.2303001880645752
normal,"{'mean': array([0., 0.]), 'cov': array([[1, 0],
       [0, 4]])}",banana,{'phase': 0.2},0.8721667773823953,0.0068781375885009766,1.7413532910826668,0.024898767471313477,1.4983346013033418,0.0,1.0792717835560646,0.01040792465209961,0.19668300327845195,0.016501426696777344,0.25870259076196295,0.02875971794128418,1.6755792259599875,0.0020089149475097656,1.6370761012354962,0.01663804054260254,1.633109645154487,0.23152732849121094
normal,"{'mean': array([0., 0.]), 'cov': array([[1, 0],
       [0, 4]])}",banana,{'phase': 1.0},0.9727754604159276,0.006203651428222656,1.85324064001559,0.018321514129638672,1.5226157519658237,0.0,1.0775925399197743,0.0,0.21780485767783206,0.0185396671295166,0.45889903630249024,0.015872716903686523,1.7487125115049733,0.0028586387634277344,1.708249930077761,0.020769596099853516,1.705154312782859,0.21683120727539062
normal,"{'mean': array([0., 0.]), 'cov': array([[1, 0],
       [0, 4]])}",cylinder,{'angle': 0.0},1.1283153697369819,0.0,2.0417656858368733,0.014681339263916016,OT: Feature dimension mismatch: 2 vs 3,,"Procrustes: Shape mismatch (100, 2) vs (100, 3)",,0.3706214249160838,0.024225234985351562,0.49384974995102326,0.017284154891967773,SW: Feature dimension mismatch: 2 vs 3,,SW: Feature dimension mismatch: 2 vs 3,,SW: Feature dimension mismatch: 2 vs 3,
normal,"{'mean': array([0., 0.]), 'cov': array([[1, 0],
       [0, 4]])}",cylinder,{'angle': 0.2},0.9460745304710351,0.008261919021606445,1.7189671342024324,0.026807069778442383,OT: Feature dimension mismatch: 2 vs 3,,"Procrustes: Shape mismatch (100, 2) vs (100, 3)",,0.24326793888281179,0.01675128936767578,0.2796608101442364,0.026634931564331055,SW: Feature dimension mismatch: 2 vs 3,,SW: Feature dimension mismatch: 2 vs 3,,SW: Feature dimension mismatch: 2 vs 3,
normal,"{'mean': array([0., 0.]), 'cov': array([[1, 0],
       [0, 4]])}",cylinder,{'angle': 1.5707963267948966},1.0418423030228299,0.0011663436889648438,1.8676017023163312,0.045449018478393555,OT: Feature dimension mismatch: 2 vs 3,,"Procrustes: Shape mismatch (100, 2) vs (100, 3)",,0.2054961140395898,0.014773368835449219,0.29890647560636907,0.01887226104736328,SW: Feature dimension mismatch: 2 vs 3,,SW: Feature dimension mismatch: 2 vs 3,,SW: Feature dimension mismatch: 2 vs 3,
normal,"{'mean': array([0., 0.]), 'cov': array([[1, 0],
       [0, 4]])}",normal,"{'mean': array([0., 0.])}",0.714095409451998,0.0,1.3911984401834228,0.032436370849609375,0.9666695402341348,0.0,0.9404699412744543,0.008664608001708984,0.18184525999673054,0.016416311264038086,0.31973152140489625,0.02036452293395996,0.7564481273342095,0.0040247440338134766,0.7730685032439476,0.024501323699951172,0.77368632168682,0.22893309593200684
normal,"{'mean': array([0., 0.]), 'cov': array([[1, 0],
       [0, 4]])}",normal,"{'mean': array([1., 1.])}",0.6718242085952466,0.0,1.2595043405101551,0.028174638748168945,1.3764689021962546,0.0,0.8904950736014421,0.005480289459228516,0.18791221202888508,0.023892641067504883,0.27633278708435627,0.0157623291015625,1.4335019355162861,0.0,1.3812455039628964,0.021047353744506836,1.3760598343864772,0.20839881896972656
normal,"{'mean': array([0., 0.]), 'cov': array([[1, 0],
       [0, 4]])}",normal,"{'mean': array([ 2., -2.])}",0.6827191358793138,0.016785144805908203,1.3305736196070594,0.027065038681030273,1.6784448140074402,0.0,0.9800540984268907,0.0,0.21259991979393472,0.01661825180053711,0.2881881979056427,0.0125274658203125,1.925117200062674,0.0013546943664550781,2.0111182653203157,0.025417327880859375,2.019160709245865,0.1942586898803711
normal,"{'mean': array([0., 0.]), 'cov': array([[1, 0],
       [0, 4]])}",normal,"{'mean': array([0., 0.]), 'cov': array([[1, 0],
       [0, 4]])}",0.3724893508894635,0.0,0.7854685222244485,0.0221402645111084,0.6963677928801277,0.0,0.7401055186217532,0.009984254837036133,0.29838665928078667,0.008612394332885742,0.8553842874471144,0.02105545997619629,0.3584296076537775,0.002550840377807617,0.3689491260907757,0.026433467864990234,0.3695934384336685,0.19790148735046387
normal,"{'mean': array([0., 0.]), 'cov': array([[1, 0],
       [0, 4]])}",normal,"{'mean': array([0., 0.]), 'cov': array([[2., 0.],
       [0., 2.]])}",0.5461649318879414,0.0,0.937041336377895,0.017700672149658203,0.8582715548274,0.0,0.8325387965915986,0.0,0.247525352418102,0.01647043228149414,0.41666238704462105,0.014966249465942383,0.48056208390272476,0.0019040107727050781,0.4782076873033332,0.027603864669799805,0.4780127759417827,0.21958494186401367
normal,"{'mean': array([0., 0.]), 'cov': array([[1, 0],
       [0, 4]])}",normal,"{'mean': array([0., 0.]), 'angle': 0.7853981633974483}",0.5517588466282993,0.0,1.0673673266860673,0.017342805862426758,0.8914706957536446,0.0,0.8560410387362886,0.00739741325378418,0.16944317275241247,0.015295743942260742,0.253572463858502,0.017603635787963867,0.5500593557058184,0.0,0.5703623315296203,0.022336721420288086,0.5714781443126329,0.24468684196472168
normal,"{'mean': array([0., 0.]), 'cov': array([[1, 0],
       [0, 4]])}",swissroll,{},4.9164175791007185,0.0039861202239990234,9.793511318246798,0.03340744972229004,3.4385280179470037,0.0,2.5574514176440073,0.0,0.22249954965222238,0.012493371963500977,0.280935907462639,0.0169370174407959,8.886356770484884,0.0010464191436767578,8.892215947307333,0.021899938583374023,8.887455989639248,0.22509145736694336
normal,"{'mean': array([0., 0.]), 'cov': array([[2., 0.],
       [0., 2.]])}",banana,{'phase': 0.0},0.9093011478825143,0.0,1.689976034103719,0.016837120056152344,1.4661402611758367,0.0,1.0836910335032046,0.01926565170288086,0.20932869589096595,0.014519453048706055,0.39203761243135526,0.0,1.589915521298078,0.0,1.5563524471693526,0.03208446502685547,1.5537296240281884,0.18961739540100098
normal,"{'mean': array([0., 0.]), 'cov': array([[2., 0.],
       [0., 2.]])}",banana,{'phase': 0.2},0.8423936289493162,0.0063686370849609375,1.6048119514907457,0.04809713363647461,1.3804576149181758,0.0,1.0607704559622313,0.0,0.21292173825025093,0.008226156234741211,0.34421717674978625,0.01480245590209961,1.430775126529297,0.00455474853515625,1.3888954945745529,0.021646976470947266,1.3853750029161445,0.20915961265563965
normal,"{'mean': array([0., 0.]), 'cov': array([[2., 0.],
       [0., 2.]])}",banana,{'phase': 1.0},0.8933524699753372,0.009173870086669922,1.6106632743636369,0.02313518524169922,1.3923558257935973,0.008469104766845703,1.0732613047919415,0.004910469055175781,0.18758960924232376,0.006463289260864258,0.35094962680436487,0.016215085983276367,1.4562941916807939,0.0,1.4102564256853893,0.024387598037719727,1.4066061899967268,0.19335675239562988
normal,"{'mean': array([0., 0.]), 'cov': array([[2., 0.],
       [0., 2.]])}",cylinder,{'angle': 0.0},0.7200915074308476,0.0,1.347606847467912,0.037862300872802734,OT: Feature dimension mismatch: 2 vs 3,,"Procrustes: Shape mismatch (100, 2) vs (100, 3)",,0.18092169986237366,0.023671865463256836,0.1967101450288008,0.01100301742553711,SW: Feature dimension mismatch: 2 vs 3,,SW: Feature dimension mismatch: 2 vs 3,,SW: Feature dimension mismatch: 2 vs 3,
normal,"{'mean': array([0., 0.]), 'cov': array([[2., 0.],
       [0., 2.]])}",cylinder,{'angle': 0.2},0.8266077301681132,0.0,1.5156851537362046,0.0407719612121582,OT: Feature dimension mismatch: 2 vs 3,,"Procrustes: Shape mismatch (100, 2) vs (100, 3)",,0.2428803797639121,0.016322851181030273,0.2596705163855712,0.016261577606201172,SW: Feature dimension mismatch: 2 vs 3,,SW: Feature dimension mismatch: 2 vs 3,,SW: Feature dimension mismatch: 2 vs 3,
normal,"{'mean': array([0., 0.]), 'cov': array([[2., 0.],
       [0., 2.]])}",cylinder,{'angle': 1.5707963267948966},0.5851438734743193,0.008057355880737305,1.0795701586356499,0.02542400360107422,OT: Feature dimension mismatch: 2 vs 3,,"Procrustes: Shape mismatch (100, 2) vs (100, 3)",,0.15700197507365657,0.014123678207397461,0.15824102762617473,0.016244173049926758,SW: Feature dimension mismatch: 2 vs 3,,SW: Feature dimension mismatch: 2 vs 3,,SW: Feature dimension mismatch: 2 vs 3,
normal,"{'mean': array([0., 0.]), 'cov': array([[2., 0.],
       [0., 2.]])}",normal,"{'mean': array([0., 0.])}",0.4258526455173397,0.0005719661712646484,0.8378165496903531,0.027929067611694336,0.8046394038175484,0.0,0.7884448293621799,0.0,0.16127748809133965,0.021185874938964844,0.198800870699405,0.012396574020385742,0.41617854923313374,0.0061228275299072266,0.4207863816059886,0.03322172164916992,0.4214099490334472,0.24197173118591309
normal,"{'mean': array([0., 0.]), 'cov': array([[2., 0.],
       [0., 2.]])}",normal,"{'mean': array([1., 1.])}",0.47368097048346786,0.0,0.9963594815473019,0.024100303649902344,1.2072101909909905,0.0,0.7768205298684124,0.005662202835083008,0.23433480295343465,0.02190685272216797,0.21604920752242235,0.011836528778076172,1.1123231711394688,0.002589702606201172,1.0693209453722323,0.023150205612182617,1.0652283111426228,0.1957097053527832
normal,"{'mean': array([0., 0.]), 'cov': array([[2., 0.],
       [0., 2.]])}",normal,"{'mean': array([ 2., -2.])}",0.41111473364810275,0.011718511581420898,0.8847802219976219,0.02571892738342285,1.6989062384815485,0.0,0.7588721039828541,0.0,0.19206180237121934,0.01566147804260254,0.15211200452333168,0.0031147003173828125,1.922689906564393,0.01122283935546875,2.0277691746931743,0.01816105842590332,2.037406078556919,0.2216191291809082
normal,"{'mean': array([0., 0.]), 'cov': array([[2., 0.],
       [0., 2.]])}",normal,"{'mean': array([0., 0.]), 'cov': array([[1, 0],
       [0, 4]])}",0.524065124416496,0.0,0.8462833831400033,0.007353067398071289,0.9726702298605591,0.015677213668823242,0.8722677779168183,0.0,0.14854661761024332,0.023026704788208008,0.3388934665776786,0.014320135116577148,0.5915262631752888,0.002517223358154297,0.5900711277563576,0.020399808883666992,0.5892490487726527,0.23424792289733887
normal,"{'mean': array([0., 0.]), 'cov': array([[2., 0.],
       [0., 2.]])}",normal,"{'mean': array([0., 0.]), 'cov': array([[2., 0.],
       [0., 2.]])}",0.24723276931430066,0.0,0.5674688072386656,0.02428412437438965,0.7101962885668888,0.0,0.7144777467221387,0.0047588348388671875,0.14638075270661002,0.016192197799682617,0.2036168005057406,0.01403188705444336,0.24742818483065723,0.002515554428100586,0.25846991976033507,0.023978471755981445,0.2596467070137897,0.20844554901123047
normal,"{'mean': array([0., 0.]), 'cov': array([[2., 0.],
       [0., 2.]])}",normal,"{'mean': array([0., 0.]), 'angle': 0.7853981633974483}",0.4774051906065622,0.0,0.9861066902569529,0.027327775955200195,0.8462400895922156,0.0,0.8128316896451317,0.0,0.14897925259413988,0.016670942306518555,0.14280752933051663,0.007269144058227539,0.48456510270019765,0.003363370895385742,0.49113424158074276,0.026799440383911133,0.4918325949225531,0.21092939376831055
normal,"{'mean': array([0., 0.]), 'cov': array([[2., 0.],
       [0., 2.]])}",swissroll,{},4.8611897480316655,0.0,9.762463716586073,0.02739238739013672,3.432739180291354,0.0,2.51303933615134,0.020795583724975586,0.16604421405240397,0.020409345626831055,0.21937277363334182,0.012535810470581055,9.007291429854927,0.0,8.91648991581123,0.026133298873901367,8.903148138951577,0.2566714286804199
normal,"{'mean': array([0., 0.]), 'angle': 0.7853981633974483}",banana,{'phase': 0.0},0.4691797032530916,0.0,0.8386228957852729,0.031700849533081055,1.3301326928402262,0.0,0.8188291960752969,0.0,0.16660109481647528,0.016172170639038086,0.2666421775291042,0.008429765701293945,1.3105719300417316,0.005122184753417969,1.266782190567611,0.019548416137695312,1.2634519326263705,0.2040085792541504
normal,"{'mean': array([0., 0.]), 'angle': 0.7853981633974483}",banana,{'phase': 0.2},0.5494630794095113,0.0,0.9811870290171159,0.02400827407836914,1.3197086163826788,0.0,0.8753226714222793,0.0,0.16063276709152957,0.023677587509155273,0.2788766748124608,0.012284994125366211,1.3187257846675216,0.005379676818847656,1.2654255628990498,0.025092363357543945,1.260778686461181,0.2047431468963623
normal,"{'mean': array([0., 0.]), 'angle': 0.7853981633974483}",banana,{'phase': 1.0},0.6340614724137863,0.0,0.8721467794848488,0.01566767692565918,1.286463693259285,0.0,0.8696938016442917,0.0,0.1483627826419494,0.008026123046875,0.3003659504615219,0.016694307327270508,1.256551896455282,0.004480123519897461,1.2078251349043423,0.019051551818847656,1.2042954297894768,0.22208166122436523
normal,"{'mean': array([0., 0.]), 'angle': 0.7853981633974483}",cylinder,{'angle': 0.0},0.4109162800265592,0.0,0.7281527415361884,0.02002716064453125,OT: Feature dimension mismatch: 2 vs 3,,"Procrustes: Shape mismatch (100, 2) vs (100, 3)",,0.14515078929771097,0.006822109222412109,0.19035004165693492,0.018719196319580078,SW: Feature dimension mismatch: 2 vs 3,,SW: Feature dimension mismatch: 2 vs 3,,SW: Feature dimension mismatch: 2 vs 3,
normal,"{'mean': array([0., 0.]), 'angle': 0.7853981633974483}",cylinder,{'angle': 0.2},0.38266959702964526,0.0020062923431396484,0.6958827483753693,0.022797822952270508,OT: Feature dimension mismatch: 2 vs 3,,"Procrustes: Shape mismatch (100, 2) vs (100, 3)",,0.1392967183022259,0.008066892623901367,0.1579319742889996,0.017982006072998047,SW: Feature dimension mismatch: 2 vs 3,,SW: Feature dimension mismatch: 2 vs 3,,SW: Feature dimension mismatch: 2 vs 3,
normal,"{'mean': array([0., 0.]), 'angle': 0.7853981633974483}",cylinder,{'angle': 1.5707963267948966},0.34347259642707956,0.002008199691772461,0.6299209547624516,0.0641489028930664,OT: Feature dimension mismatch: 2 vs 3,,"Procrustes: Shape mismatch (100, 2) vs (100, 3)",,0.14075189785776326,0.01407623291015625,0.1613580412214443,0.024654626846313477,SW: Feature dimension mismatch: 2 vs 3,,SW: Feature dimension mismatch: 2 vs 3,,SW: Feature dimension mismatch: 2 vs 3,
normal,"{'mean': array([0., 0.]), 'angle': 0.7853981633974483}",normal,"{'mean': array([0., 0.])}",0.1974530068488653,0.0,0.5041266635332777,0.024228572845458984,0.6514697782429442,0.0,0.6487769646392026,0.0,0.1300674727037178,0.024768829345703125,0.0906613026195168,0.016489267349243164,0.2729582602242561,0.0011868476867675781,0.2625012586371423,0.02355504035949707,0.2613688780033052,0.24117016792297363
normal,"{'mean': array([0., 0.]), 'angle': 0.7853981633974483}",normal,"{'mean': array([1., 1.])}",0.20007215093674754,0.0006060600280761719,0.46543100578851226,0.01387643814086914,1.1227545891256807,0.012053966522216797,0.6229865501811837,0.002501964569091797,0.13628658192804471,0.019835233688354492,0.1757631950236252,0.012972831726074219,0.9552807247107232,0.0029954910278320312,0.9080923558031507,0.025023460388183594,0.9037865174951535,0.23056721687316895
normal,"{'mean': array([0., 0.]), 'angle': 0.7853981633974483}",normal,"{'mean': array([ 2., -2.])}",0.12520376288040613,0.007489919662475586,0.4215416560502525,0.013345003128051758,1.6819912291322199,0.0,0.6180405450080966,0.0163576602935791,0.11606746806265089,0.004001140594482422,0.1788181666050482,0.020669221878051758,1.8797723473163783,0.0,1.9747544195361746,0.04839444160461426,1.9839174699324937,0.23454546928405762
normal,"{'mean': array([0., 0.]), 'angle': 0.7853981633974483}",normal,"{'mean': array([0., 0.]), 'cov': array([[1, 0],
       [0, 4]])}",0.8756528885772447,0.0,1.6765757438803364,0.01951122283935547,1.0670475761936336,0.0,1.042611022495395,0.013154745101928711,0.10726006695670792,0.020216941833496094,0.2164867823811834,0.01896071434020996,0.8454715689936699,0.004019260406494141,0.8687854220290184,0.025487422943115234,0.8700581608318879,0.21343088150024414
normal,"{'mean': array([0., 0.]), 'angle': 0.7853981633974483}",normal,"{'mean': array([0., 0.]), 'cov': array([[2., 0.],
       [0., 2.]])}",0.41209980755868064,0.0,0.84820019802852,0.017460346221923828,0.774155063832662,0.0,0.7784785316553834,0.0,0.12028637655703002,0.015233516693115234,0.1630930104744113,0.014026880264282227,0.40247300848455464,0.002268075942993164,0.40722680166421343,0.029227495193481445,0.40735415312584455,0.22079730033874512
normal,"{'mean': array([0., 0.]), 'angle': 0.7853981633974483}",normal,"{'mean': array([0., 0.]), 'angle': 0.7853981633974483}",0.164931048093546,0.0,0.35727469899311604,0.019917011260986328,0.5760832637901637,0.0,0.5665309253025597,0.0,0.11153626574105728,0.01638174057006836,0.14949544889925093,0.02327251434326172,0.1534405297522336,0.0,0.1544775886822635,0.025945186614990234,0.15433039369338483,0.2008512020111084
normal,"{'mean': array([0., 0.]), 'angle': 0.7853981633974483}",swissroll,{},5.3305737193422,0.0,10.693520061959449,0.014272928237915039,3.5314101035458707,0.0,2.654796697608148,0.012935161590576172,0.14871205973728632,0.02136397361755371,0.1639449185736612,0.014129877090454102,9.53624070413018,0.002942323684692383,9.506540182760352,0.02617669105529785,9.497965907293702,0.22093486785888672
swissroll,{},banana,{'phase': 0.0},5.643576347279769,0.0032079219818115234,11.248086527108535,0.025483369827270508,3.4673826066625892,0.0,2.7301427240244798,0.01372218132019043,0.5933131205327962,0.011945009231567383,1.2932117474171305,0.010577678680419922,9.210903996697212,0.0020093917846679688,9.3174886041733,0.02659130096435547,9.321804584471044,0.1914968490600586
swissroll,{},banana,{'phase': 0.2},5.715668934472841,0.010323286056518555,11.373566587467106,0.014081001281738281,3.5800968789782566,0.0027441978454589844,2.75941591779099,0.0006351470947265625,0.54552217332377,0.006083250045776367,1.2397830910838492,0.01627349853515625,9.630030914611764,0.0036749839782714844,9.704459973784317,0.02564215660095215,9.705859088840729,0.20404982566833496
swissroll,{},banana,{'phase': 1.0},5.702920207072492,0.0025298595428466797,11.247530630810948,0.04919886589050293,3.3812918737691224,0.0,2.740038201318658,0.004297494888305664,0.5598839965927216,0.01344156265258789,1.5108242180998874,0.01575446128845215,8.821884191786149,0.0040149688720703125,8.920141238718184,0.019576311111450195,8.92435834072486,0.20250582695007324
swissroll,{},cylinder,{'angle': 0.0},5.48001628095848,0.0,10.801351966849888,0.03919816017150879,OT: Feature dimension mismatch: 2 vs 3,,"Procrustes: Shape mismatch (100, 2) vs (100, 3)",,0.47992716771396066,0.0198211669921875,0.9280140780792983,0.020770788192749023,SW: Feature dimension mismatch: 2 vs 3,,SW: Feature dimension mismatch: 2 vs 3,,SW: Feature dimension mismatch: 2 vs 3,
swissroll,{},cylinder,{'angle': 0.2},5.769556831959109,0.008079767227172852,11.382173915103321,0.041162967681884766,OT: Feature dimension mismatch: 2 vs 3,,"Procrustes: Shape mismatch (100, 2) vs (100, 3)",,0.5767654843307427,0.015061378479003906,0.8543050223249297,0.01870870590209961,SW: Feature dimension mismatch: 2 vs 3,,SW: Feature dimension mismatch: 2 vs 3,,SW: Feature dimension mismatch: 2 vs 3,
swissroll,{},cylinder,{'angle': 1.5707963267948966},5.1581494262794765,0.002010822296142578,10.160237558691401,0.053437232971191406,OT: Feature dimension mismatch: 2 vs 3,,"Procrustes: Shape mismatch (100, 2) vs (100, 3)",,0.6345870680331575,0.011432647705078125,0.9528109572504627,0.016393661499023438,SW: Feature dimension mismatch: 2 vs 3,,SW: Feature dimension mismatch: 2 vs 3,,SW: Feature dimension mismatch: 2 vs 3,
swissroll,{},normal,"{'mean': array([0., 0.])}",5.751212864051074,0.0,11.494431502763648,0.03309059143066406,3.5277528979645405,0.0018084049224853516,2.75786223751339,0.013312339782714844,0.7834696427266103,0.021584272384643555,0.7118134541420866,0.018947124481201172,9.424766580964,0.0011248588562011719,9.418143156207007,0.024953365325927734,9.41274992814742,0.2865629196166992
swissroll,{},normal,"{'mean': array([1., 1.])}",5.438143990492395,0.0,10.865079192770992,0.026866436004638672,3.378197768760082,0.0041408538818359375,2.6950807117016127,0.004087209701538086,1.0090167527827578,0.009654760360717773,0.8847043801135052,0.020816326141357422,8.50100851485555,0.005316019058227539,8.615842075414973,0.02772808074951172,8.622155872556142,0.24450111389160156
swissroll,{},normal,"{'mean': array([ 2., -2.])}",5.591038982823763,0.0,11.170424810490983,0.012700557708740234,3.755644343378848,0.0,2.733913915046633,0.011464595794677734,1.0415020322886428,0.011129379272460938,1.2330156203241192,0.025296449661254883,10.400928235501782,0.0020101070404052734,10.60614113621268,0.026001453399658203,10.617966234588751,0.21645569801330566
swissroll,{},normal,"{'mean': array([0., 0.]), 'cov': array([[1, 0],
       [0, 4]])}",5.283046151899116,0.0,10.535786028544138,0.04033780097961426,3.468933681727862,0.0,2.6491472533542733,0.01703357696533203,0.9205798434943668,0.010045289993286133,1.5529212341904006,0.017763853073120117,8.912449257762894,0.0035152435302734375,8.884614444865575,0.028403282165527344,8.878053408968853,0.22519278526306152
swissroll,{},normal,"{'mean': array([0., 0.]), 'cov': array([[2., 0.],
       [0., 2.]])}",5.112881684946184,0.002141714096069336,10.242497603741999,0.0160219669342041,3.4607161717991115,0.0,2.6266061139939945,0.004082202911376953,0.7465738689071584,0.016968965530395508,0.9814510725247263,0.010747194290161133,8.885663788872595,0.004017829895019531,8.952804048131156,0.026016712188720703,8.953952729504033,0.22278261184692383
swissroll,{},normal,"{'mean': array([0., 0.]), 'angle': 0.7853981633974483}",5.091991794027342,0.005417585372924805,10.214159976909592,0.01949310302734375,3.5064771168532003,0.0,2.5757932144194875,0.007711887359619141,0.8511624634948143,0.009545326232910156,0.8866834700148173,0.017299175262451172,9.312838503616282,0.002008199691772461,9.317835681219277,0.029657602310180664,9.31279267993995,0.20010805130004883
swissroll,{},swissroll,{},0.9794947820850486,0.0,2.0434272973510694,0.02015089988708496,1.3311791351838091,0.0,1.5678484492460574,0.0036940574645996094,0.458702480576033,0.013058185577392578,0.970417830896505,0.01891326904296875,0.8683122634605894,0.0020084381103515625,0.8791416558191074,0.019967079162597656,0.8810688353857201,0.23375511169433594
