X_id,Y_id,metric,mean_rel_change,std_rel_change,snr_a,total_time,D_baseline,rel_changes
torus_19,banana_23,Standard OT,0.025494802327273962,0.0005711065750323663,44.64105902795655,22.430734872817993,1.3390852871978542,"[0.02464291 0.02567024 0.02614686 0.02587599 0.02489782 0.02541599
 0.02559034 0.02514689 0.02583627 0.02672309 0.02579564 0.02456202
 0.02557524 0.02570753 0.0248352 ]"
torus_19,banana_23,Standard Sliced Wasserstein,0.03792595840912808,0.0013553068531583622,27.98330010709138,15.590759515762329,0.28370890693452705,"[0.03662465 0.03820759 0.03896891 0.03895423 0.03556723 0.03725871
 0.03889863 0.03687927 0.03842174 0.04074589 0.0384146  0.03604098
 0.03773699 0.03940948 0.03676049]"
torus_19,banana_23,RISWIE-PCA,0.03376240353892327,0.0009941134526823903,33.962324368333476,12.120981693267822,0.3211523011653285,"[0.03209651 0.03446866 0.0343983  0.03485044 0.03216253 0.03327824
 0.03412928 0.03328991 0.03470065 0.03514655 0.03426557 0.03227981
 0.03360954 0.03474935 0.03301073]"
gaussian_mixture_15,banana_12,Standard OT,0.0006093745546200121,0.0001064440224825343,5.724835837728703,27.04613971710205,3.387450930517751,"[0.00065246 0.00054663 0.00072331 0.00047832 0.0003958  0.0005922
 0.00064704 0.00044268 0.00064101 0.00069598 0.00060959 0.00079631
 0.00072217 0.0006338  0.00056333]"
gaussian_mixture_15,banana_12,Standard Sliced Wasserstein,0.0012613536645221999,0.0002396930211850323,5.262371254223924,16.325251817703247,1.9469390055920184,"[0.00137181 0.00109366 0.00145279 0.00093388 0.00078991 0.00126222
 0.00130803 0.00090085 0.00141315 0.00150629 0.00120522 0.00168791
 0.00148492 0.00130472 0.00120495]"
gaussian_mixture_15,banana_12,RISWIE-PCA,0.0012926778444600337,0.00023418653621029068,5.519864059560016,12.313191652297974,1.9861399254764402,"[0.00136802 0.00117129 0.00151279 0.00099861 0.00083234 0.00127989
 0.00141469 0.00090227 0.00144543 0.00151309 0.00124129 0.00168097
 0.00153108 0.00128071 0.00121768]"
gaussian_mixture_13,banana_6,Standard OT,9.276462512364832e-05,3.5754892010351905e-05,2.5944596643388187,21.751147747039795,5.1190735764246,"[6.61864971e-05 1.24489907e-04 7.98918768e-05 1.39705768e-04
 7.01309858e-05 3.66576673e-05 1.12654108e-04 1.05644409e-04
 7.44772829e-05 4.06410921e-05 1.06058044e-04 6.21171011e-05
 1.55315682e-04 1.42523890e-04 7.49750660e-05]"
gaussian_mixture_13,banana_6,Standard Sliced Wasserstein,0.00019394164442681035,7.385824623399365e-05,2.625863113678262,8.304748058319092,4.570445195151639,"[1.67830259e-04 2.62578080e-04 1.67006377e-04 2.88651568e-04
 1.59744539e-04 7.78989341e-05 2.25672953e-04 1.78151532e-04
 1.59154296e-04 9.72559071e-05 2.07598563e-04 1.07713120e-04
 3.35496496e-04 3.03848302e-04 1.70523742e-04]"
gaussian_mixture_13,banana_6,RISWIE-PCA,0.00019238160668281655,7.378577168703643e-05,2.6072995143129534,5.39516282081604,4.596399969395998,"[1.43363335e-04 2.73559525e-04 1.74184010e-04 3.06899765e-04
 1.46188734e-04 6.15069423e-05 2.05074643e-04 2.15241176e-04
 1.56686997e-04 9.97444583e-05 2.14208798e-04 1.23016196e-04
 3.13414256e-04 2.86256434e-04 1.66378830e-04]"
normal_0,cylinder_3,Standard OT,0.0025815370064629388,0.00019154087881674683,13.477733956377929,13.604079246520996,2.3063349637452863,"[0.00263845 0.00226541 0.00243825 0.00283361 0.0027446  0.00257804
 0.00264991 0.00212548 0.00261873 0.00274272 0.00239017 0.00278918
 0.00256764 0.00268924 0.00265162]"
normal_0,cylinder_3,Standard Sliced Wasserstein,0.006028685219619385,0.0004395522432817943,13.715514621442692,9.2344069480896,0.8293893339539623,"[0.00630373 0.00533772 0.00579861 0.00653328 0.00631132 0.00599056
 0.00621562 0.00500212 0.00614927 0.00645196 0.00549774 0.00660966
 0.00606459 0.00623569 0.00592838]"
normal_0,cylinder_3,RISWIE-PCA,0.005404019384224281,0.0004032280880791553,13.401892239122613,5.59972071647644,0.9100345213809975,"[0.00560794 0.00460345 0.00538027 0.00588192 0.00565023 0.00543794
 0.00566011 0.0045202  0.0056253  0.00584988 0.00506428 0.00583952
 0.00524686 0.00547795 0.00521444]"
normal_1,gaussian_mixture_19,Standard OT,6.123652285648746e-05,3.684461497085971e-05,1.6620209738904648,13.142929792404175,5.549623914459653,"[3.84662264e-05 5.08703359e-05 7.59769684e-05 3.10372707e-06
 2.84604813e-05 1.11034373e-04 9.86835562e-05 5.92256205e-05
 1.04381158e-04 7.54395048e-05 7.14785600e-06 2.59877324e-07
 9.27993783e-05 7.59721638e-05 9.67266162e-05]"
normal_1,gaussian_mixture_19,Standard Sliced Wasserstein,0.0008605906472200819,7.217427789240398e-05,11.923786040548045,8.562436580657959,4.818231365482316,"[0.00084663 0.00081843 0.00085867 0.00095523 0.00082436 0.00083335
 0.00087824 0.00071566 0.0009689  0.00080102 0.00080368 0.00081492
 0.00085572 0.00098366 0.00095038]"
normal_1,gaussian_mixture_19,RISWIE-PCA,0.00040702294727606227,8.338555846473985e-05,4.8812163013596015,5.745500564575195,5.247096355756149,"[0.00029759 0.00038182 0.00031007 0.00044394 0.00046633 0.00050367
 0.00040861 0.0004555  0.00053466 0.00045421 0.00023293 0.00040015
 0.00034485 0.00051085 0.00036017]"
normal_5,banana_0,Standard OT,0.00263329184414407,0.00019657871422391071,13.395610275203293,14.963167667388916,2.310520535034799,"[0.00312842 0.00283363 0.00240822 0.00257165 0.00251894 0.00242015
 0.00264414 0.00255098 0.00268996 0.00290297 0.00271571 0.00267802
 0.00236874 0.0025294  0.00253844]"
normal_5,banana_0,Standard Sliced Wasserstein,0.006131119574057983,0.0004161453980875948,14.733118766262168,8.867558479309082,0.8230257560570823,"[0.00724112 0.00663838 0.00564611 0.00593594 0.00601037 0.00563593
 0.00626803 0.00600595 0.00625716 0.00653874 0.00626052 0.00611555
 0.00569934 0.00580809 0.00590556]"
normal_5,banana_0,RISWIE-PCA,0.005515637025297269,0.0003842104365914974,14.355770952577322,5.667602300643921,0.9045853678006627,"[0.00653499 0.00603088 0.00511334 0.00551946 0.00549802 0.00521539
 0.00569716 0.00513903 0.00547554 0.00593916 0.0055413  0.00541394
 0.00524084 0.00518062 0.00519489]"
cylinder_29,gaussian_mixture_2,Standard OT,0.0014061440106362879,3.766847414114852e-05,37.32946562601099,12.965015411376953,4.713621129756345,"[0.0014094  0.00131465 0.00140691 0.00137296 0.00145904 0.00145013
 0.00146863 0.0013958  0.00140657 0.00140063 0.00144021 0.00137114
 0.00138508 0.00141536 0.00139566]"
cylinder_29,gaussian_mixture_2,Standard Sliced Wasserstein,0.0052214154138672505,5.4108280660947266e-05,96.4993777308436,8.528620481491089,3.844702872132678,"[0.00532844 0.00514159 0.00526015 0.00522466 0.0051742  0.00519893
 0.00528314 0.00523854 0.0052818  0.00518738 0.00512152 0.00524636
 0.00518293 0.00524596 0.00520564]"
cylinder_29,gaussian_mixture_2,RISWIE-PCA,0.003907237480246619,5.671023548213118e-05,68.89827642274119,5.581127166748047,3.7958143345785116,"[0.00398108 0.00377722 0.00396098 0.00397768 0.00397378 0.00395035
 0.00386877 0.00388604 0.0039013  0.00386928 0.00391478 0.00391208
 0.00385992 0.0038364  0.00393893]"
swissroll_28,cylinder_7,Standard OT,0.1434231422247185,0.0011094256328048888,129.27693212037212,9.673270463943481,0.7502513802785827,"[0.14416929 0.14404583 0.14456445 0.14456288 0.14296192 0.143288
 0.14286391 0.14160195 0.14568723 0.14248293 0.14282251 0.1414686
 0.14290812 0.14406834 0.14385119]"
swissroll_28,cylinder_7,Standard Sliced Wasserstein,0.07435125681419388,0.0065084568290291545,11.4237919628768,9.003403663635254,0.03907074087505267,"[0.08408448 0.07934445 0.07728872 0.08160234 0.07978622 0.08083159
 0.06419929 0.06762256 0.07260903 0.06882516 0.06572397 0.06400458
 0.07452989 0.0780696  0.07674698]"
swissroll_28,cylinder_7,RISWIE-PCA,0.00480143140861547,0.0036558238294247115,1.313365094337993,5.599761724472046,0.06983311687023058,"[0.00367322 0.00461458 0.00116383 0.00128315 0.00467244 0.00049953
 0.00255409 0.00910568 0.01048093 0.01147812 0.00065607 0.01038571
 0.00303659 0.00310488 0.00531265]"
swissroll_29,torus_10,Standard OT,0.025878519320325682,0.0004150861393631337,62.34493727020389,10.038695096969604,1.2106281125319438,"[0.02597516 0.02635848 0.02608394 0.02518035 0.02600527 0.0255856
 0.025538   0.02557931 0.02627547 0.02531091 0.02570934 0.02590613
 0.02687131 0.02582133 0.02597718]"
swissroll_29,torus_10,Standard Sliced Wasserstein,0.07051415905569725,0.0009866434917044985,71.46873176437713,8.889614820480347,0.23734108507748067,"[0.07211069 0.06921213 0.07154115 0.07225047 0.06998005 0.07118407
 0.07097044 0.06881808 0.07008693 0.07060527 0.06943056 0.07052381
 0.06954639 0.07092345 0.0705289 ]"
swissroll_29,torus_10,RISWIE-PCA,0.006249763568029883,0.0018508307786471668,3.376734188847908,5.631694078445435,0.24620988972485203,"[0.00631499 0.00570238 0.00990553 0.0067574  0.0071862  0.00840153
 0.00242437 0.00354863 0.00664948 0.00601349 0.00428386 0.00815549
 0.00647087 0.00494175 0.0069905 ]"
torus_20,normal_6,Standard OT,0.012925867323696867,0.0001465459618204186,88.2035039596422,11.691516399383545,1.9539044264659096,"[0.01314916 0.01288736 0.01289295 0.01277532 0.01296902 0.01286166
 0.01320942 0.01301765 0.01291354 0.01297164 0.01279504 0.01302892
 0.01270562 0.01303396 0.01267675]"
torus_20,normal_6,Standard Sliced Wasserstein,0.04813089847006468,0.00047005839142495194,102.39344589543214,8.754749059677124,0.45153196266849716,"[0.04818865 0.04865844 0.04796503 0.04871675 0.04848417 0.04780233
 0.04851971 0.04885873 0.04744354 0.04780339 0.04818897 0.04789067
 0.04708094 0.04817697 0.0481852 ]"
torus_20,normal_6,RISWIE-PCA,0.08810913029430918,0.0004700872906937248,187.4314239899644,5.5853729248046875,0.6411977632990178,"[0.08911105 0.08799943 0.08821891 0.08837634 0.08821664 0.08780363
 0.0886707  0.08817778 0.08872717 0.08774014 0.0873285  0.08750285
 0.0875725  0.08815488 0.08803644]"
swissroll_5,torus_24,Standard OT,0.016510170821617622,0.0005178410719508971,31.882698603681163,9.929431438446045,1.337665358073184,"[0.01700675 0.01620682 0.01593644 0.01629876 0.01644223 0.01608095
 0.01624631 0.01720516 0.01579593 0.01605777 0.01671469 0.01732891
 0.01602112 0.01696859 0.01734212]"
swissroll_5,torus_24,Standard Sliced Wasserstein,0.05608080157331462,0.0007164777455220748,78.27291485857708,9.300899505615234,0.2778554272197037,"[0.05728901 0.0558564  0.05683824 0.05609105 0.05609121 0.05674857
 0.05660493 0.05498855 0.05622643 0.05653178 0.05569017 0.05522056
 0.0568022  0.05543653 0.05479639]"
swissroll_5,torus_24,RISWIE-PCA,0.005777864563762347,0.001081956434105198,5.3402007526678,5.690687656402588,0.2948932996562153,"[0.00680347 0.00470006 0.00427187 0.00481431 0.0078085  0.00782857
 0.00494706 0.00579519 0.00507409 0.00610735 0.00571178 0.00682399
 0.00599574 0.004721   0.005265  ]"
gaussian_mixture_25,swissroll_4,Standard OT,9.449559811046964e-05,4.39293720081157e-05,2.1510801040591274,10.653043985366821,5.3133407658472995,"[1.38970878e-04 5.16685758e-05 5.95374856e-05 1.02759968e-04
 1.96289596e-04 1.30607114e-04 1.37186502e-04 8.17808002e-05
 1.20832160e-04 3.83920311e-05 3.66536375e-05 6.72272523e-05
 1.01184310e-04 1.05619928e-04 4.87237324e-05]"
gaussian_mixture_25,swissroll_4,Standard Sliced Wasserstein,0.00020505331558909803,8.768334423616494e-05,2.338566319240866,8.637818813323975,4.824245342738213,"[2.78055039e-04 1.38508134e-04 1.20262769e-04 2.18344756e-04
 3.98314578e-04 2.75133749e-04 2.93200619e-04 1.86205119e-04
 2.74256363e-04 7.53418263e-05 1.01990299e-04 1.49794116e-04
 2.31767239e-04 2.34258352e-04 1.00366774e-04]"
gaussian_mixture_25,swissroll_4,RISWIE-PCA,0.00021328218313979524,8.838984155128682e-05,2.412971665030552,5.687556266784668,4.821867910140168,"[3.10527202e-04 1.20174002e-04 1.36824350e-04 2.53960171e-04
 4.07657044e-04 2.66012936e-04 3.05627542e-04 1.90370469e-04
 2.68476670e-04 8.92653314e-05 9.20111641e-05 1.90575547e-04
 2.18520384e-04 2.26014851e-04 1.23215083e-04]"
cylinder_1,cylinder_24,Standard OT,0.1784271107195874,0.001651573713512228,108.03460315443338,10.075923204421997,0.7240639245127417,"[0.17965933 0.17775613 0.180292   0.17882474 0.17941083 0.17611078
 0.18008797 0.17806265 0.17954912 0.17359973 0.17865998 0.17876986
 0.17920762 0.17877674 0.17763917]"
cylinder_1,cylinder_24,Standard Sliced Wasserstein,0.30096807880784043,0.008565505255868544,35.13722422873258,8.858949422836304,0.057227754947286644,"[0.31255718 0.29918751 0.30580679 0.30183967 0.30449282 0.296056
 0.30960544 0.29667415 0.30990228 0.27513678 0.30435093 0.30095684
 0.30371732 0.29972266 0.29451482]"
cylinder_1,cylinder_24,RISWIE-PCA,0.4758375145475792,0.007904406576580779,60.19901809674028,6.568936824798584,0.05524621136706752,"[0.48595867 0.47637272 0.47736849 0.47575979 0.47750653 0.46892461
 0.4847361  0.47264952 0.48461046 0.45254667 0.47852571 0.47746615
 0.47365683 0.48113084 0.47034963]"
torus_25,normal_14,Standard OT,0.008191477699479345,0.0002026515994055428,40.42148062738308,13.485975742340088,2.106334156134768,"[0.00817057 0.00816052 0.00856797 0.00818682 0.0080982  0.00787416
 0.00817298 0.00826376 0.0080804  0.00804359 0.00784409 0.0083265
 0.00813673 0.00858098 0.00836489]"
torus_25,normal_14,Standard Sliced Wasserstein,0.036021362201396866,0.000577660107234885,62.3573650841533,9.764054298400879,0.3109043823622645,"[0.03652379 0.03566923 0.03664899 0.03612786 0.03533534 0.03597763
 0.03682188 0.03547579 0.03559761 0.03593665 0.035841   0.03522304
 0.03553566 0.03730213 0.03630384]"
torus_25,normal_14,RISWIE-PCA,0.06283387829273385,0.0005810722969914597,108.13435542885182,6.028409481048584,0.7517297993340268,"[0.06281119 0.06245023 0.0643016  0.06279746 0.06243146 0.0622947
 0.06284578 0.06213961 0.0630605  0.06272052 0.06192571 0.06299709
 0.06286207 0.06374108 0.06312918]"
cylinder_22,cylinder_26,Standard OT,0.27072070675581267,0.001292765705079212,209.41204248547476,11.605992794036865,0.6233866929098216,"[0.27227859 0.26927072 0.27242824 0.2714291  0.27033074 0.26976187
 0.2704351  0.26925304 0.27121369 0.26910425 0.2683697  0.27100146
 0.27198015 0.27252923 0.27142471]"
cylinder_22,cylinder_26,Standard Sliced Wasserstein,0.9963042861223754,0.010695992431848876,93.14743746038323,9.962356328964233,0.02431034258680218,"[1.01595161 0.9804859  1.0034871  1.00575589 0.97984468 0.98551575
 0.99528027 0.988605   0.98701082 1.00554399 0.98783297 1.00545499
 1.00879132 0.99911855 0.99588544]"
cylinder_22,cylinder_26,RISWIE-PCA,1.0335528148115338,0.006955880595789242,148.58691154606612,6.011978626251221,0.03395748463391088,"[1.04192266 1.02262599 1.04297741 1.03793631 1.02924642 1.02671384
 1.02845945 1.02578637 1.03416034 1.02993682 1.02441603 1.04234893
 1.03896648 1.04172263 1.03607254]"
gaussian_mixture_14,banana_22,Standard OT,0.00021050003258638034,4.886803384288991e-05,4.307519988693124,16.352893352508545,4.360377585168995,"[0.00014496 0.00026368 0.00018853 0.00025377 0.00020529 0.00012742
 0.00029428 0.0002167  0.0002527  0.00026686 0.00023635 0.00013991
 0.00017478 0.00019074 0.00020154]"
gaussian_mixture_14,banana_22,Standard Sliced Wasserstein,0.0004672546688957315,9.837075449540255e-05,4.749934787961488,10.906187057495117,3.1956595224678837,"[0.00034252 0.00055664 0.00040109 0.00057243 0.00046707 0.00030902
 0.00064236 0.00046106 0.00056628 0.0005911  0.00050263 0.00033831
 0.00040056 0.00042616 0.00043159]"
gaussian_mixture_14,banana_22,RISWIE-PCA,0.0004557457802311978,0.00010167508501379055,4.482374223433237,12.314055681228638,3.236420469637676,"[0.00032657 0.0005422  0.00042674 0.00055365 0.00046837 0.00027295
 0.00063635 0.00046722 0.00054478 0.00057607 0.00048217 0.00029642
 0.00040159 0.00040924 0.00043187]"
torus_12,swissroll_15,Standard OT,0.01256256809232844,0.0002893066795218749,43.42301433582548,14.611006736755371,1.5973656314727775,"[0.01253275 0.01283826 0.01216201 0.01281902 0.01269478 0.01213666
 0.01282717 0.01236384 0.01225568 0.01303314 0.01293433 0.01264546
 0.01265975 0.01227562 0.01226005]"
torus_12,swissroll_15,Standard Sliced Wasserstein,0.016161811328199154,0.0006940249307316007,23.28707602933271,15.487030982971191,0.4272913752347244,"[0.01670867 0.01678834 0.01498116 0.01685507 0.01677325 0.01529562
 0.01656704 0.01574849 0.01556681 0.01719348 0.01670676 0.0162793
 0.01633491 0.01535618 0.0152721 ]"
torus_12,swissroll_15,RISWIE-PCA,0.024325792196399697,0.0006564662226144465,37.05566464565327,10.553893089294434,0.4387375773291686,"[0.02456342 0.02484506 0.02346602 0.02494189 0.024881   0.02336526
 0.02508558 0.02389409 0.023859   0.02505517 0.02513634 0.02440931
 0.02450927 0.02343774 0.02343773]"
banana_14,swissroll_9,Standard OT,0.04198372020378911,0.0007644650298657868,54.919085325799635,15.335596561431885,1.0454639855195456,"[0.04274834 0.04232833 0.04323946 0.04398561 0.0410285  0.04158414
 0.04181919 0.04178659 0.04132162 0.04188902 0.04140341 0.04172712
 0.04138308 0.04164278 0.04186862]"
banana_14,swissroll_9,Standard Sliced Wasserstein,0.13810592055720636,0.0010317072402467856,133.861540531761,13.989750385284424,0.10287736053456324,"[0.138299   0.13779374 0.13972781 0.13707006 0.13605304 0.13851098
 0.13846828 0.13756895 0.13931984 0.13643688 0.13925903 0.13881585
 0.13764455 0.13899616 0.13762462]"
banana_14,swissroll_9,RISWIE-PCA,0.10090411736899046,0.0020151839869578855,50.07191304716299,10.589421033859253,0.1750970877103347,"[0.09918427 0.09940221 0.10413749 0.10485131 0.09858363 0.097771
 0.10094694 0.10032969 0.10317352 0.10204887 0.10223475 0.09958297
 0.09988045 0.10194996 0.09948472]"
normal_9,normal_20,Standard OT,0.0011426314769417748,0.00021846099327668903,5.230368404919725,17.331393003463745,2.3208293791114745,"[0.00098757 0.00076299 0.00108055 0.00111571 0.00096274 0.0012967
 0.00144839 0.00078265 0.00135808 0.00144799 0.00114227 0.00106385
 0.00142576 0.00126941 0.0009948 ]"
normal_9,normal_20,Standard Sliced Wasserstein,0.01173404337197728,0.001153618035996128,10.17151518599928,17.484487056732178,0.048014202106941004,"[0.01140341 0.01122908 0.01099184 0.01205726 0.01457564 0.01181043
 0.01250248 0.01023707 0.00993461 0.01241926 0.01107096 0.01080506
 0.0122515  0.01136935 0.01335268]"
normal_9,normal_20,RISWIE-PCA,0.015277467138513528,0.01110098456331228,1.3762263204116267,10.97019624710083,0.03613295772690501,"[0.00435823 0.03135443 0.03652788 0.01152101 0.01112875 0.00935528
 0.00882277 0.00127009 0.03867344 0.00593012 0.01599767 0.01270784
 0.01756877 0.01676751 0.00717822]"
torus_5,gaussian_mixture_0,Standard OT,0.002824280192552697,5.987775782517757e-05,47.16743403783793,20.189763069152832,3.4969605100165757,"[0.00294839 0.00289884 0.00275698 0.00281678 0.00280372 0.00282257
 0.00287447 0.00272925 0.00282249 0.00276781 0.00274704 0.00278184
 0.00286377 0.00285098 0.00287927]"
torus_5,gaussian_mixture_0,Standard Sliced Wasserstein,0.006832592260408907,0.00016394887149309194,41.675140537315635,15.079664468765259,1.8630957099441385,"[0.00687827 0.00713679 0.00662301 0.00668669 0.00702727 0.00677716
 0.00694056 0.00665153 0.00670844 0.0067763  0.00667477 0.00693466
 0.00705513 0.00664573 0.00697258]"
torus_5,gaussian_mixture_0,RISWIE-PCA,0.017506362231310454,0.0001738786392730628,100.6815000652155,10.79611873626709,1.9475560498732465,"[0.01756743 0.01780782 0.01719639 0.01744976 0.01766123 0.01740916
 0.01751356 0.01750522 0.01751614 0.01716387 0.01733761 0.01769939
 0.01767918 0.01761593 0.01747273]"
swissroll_26,gaussian_mixture_16,Standard OT,0.002175676771315372,5.7990645154613474e-05,37.51771972038985,20.4118869304657,4.139430610701133,"[0.00224617 0.00214572 0.0022018  0.00219095 0.00215148 0.00213153
 0.00225068 0.0021397  0.00223971 0.0020596  0.00226267 0.0021675
 0.00221634 0.00212404 0.00210727]"
swissroll_26,gaussian_mixture_16,Standard Sliced Wasserstein,0.006990984253682714,8.184231082791109e-05,85.42017182753526,15.188066959381104,2.9092122068114117,"[0.00709922 0.00689051 0.00707656 0.00697364 0.00697953 0.00688627
 0.00693253 0.00699752 0.00704928 0.00696127 0.00686329 0.00695162
 0.00698997 0.00704542 0.00716813]"
swissroll_26,gaussian_mixture_16,RISWIE-PCA,0.009908724080128483,0.00016679885004231893,59.40523017763322,10.585134506225586,2.896574910708001,"[0.00992498 0.00967987 0.00999216 0.00984286 0.01001159 0.00960161
 0.0098546  0.009929   0.00999659 0.00993826 0.00956573 0.01003115
 0.0100162  0.01010837 0.01013788]"
cylinder_17,cylinder_6,Standard OT,0.29164733054096853,0.0014092753017134934,206.94844377558007,15.227788925170898,0.6079249826702712,"[0.29310687 0.29229521 0.29218783 0.29037841 0.29014282 0.29226947
 0.2937164  0.29014724 0.29332658 0.29065392 0.28998162 0.28915918
 0.29150111 0.29316173 0.29268155]"
cylinder_17,cylinder_6,Standard Sliced Wasserstein,0.958208647186289,0.016206433853200232,59.1252002671195,15.317054748535156,0.014456029653213224,"[0.9995401  0.95689887 0.94623235 0.97125966 0.94582693 0.96211106
 0.96524763 0.93255207 0.94071074 0.96970312 0.9588079  0.93524795
 0.96355547 0.9642197  0.96121616]"
cylinder_17,cylinder_6,RISWIE-PCA,2.7176334258398667,0.019063327435415025,142.55818849290523,14.028475999832153,0.016512024618295082,"[2.71884475 2.74406075 2.73572243 2.71434089 2.70565221 2.70354734
 2.74439079 2.70955834 2.7262191  2.70471713 2.69132484 2.68226614
 2.70870548 2.74833391 2.72681728]"
swissroll_11,normal_4,Standard OT,0.021476616669932867,0.00013297269107403497,161.51148402325234,17.893531322479248,1.9551430060209674,"[0.02128632 0.02143113 0.02144182 0.02172873 0.02127205 0.02145493
 0.02166915 0.02156942 0.02156196 0.02132563 0.02133423 0.02155887
 0.02151108 0.02158733 0.02141661]"
swissroll_11,normal_4,Standard Sliced Wasserstein,0.05323171868179185,0.0006780241769035166,78.51005981069427,16.256955862045288,0.5163832922297759,"[0.05388296 0.05222995 0.05336268 0.05355161 0.05243053 0.05168623
 0.05304827 0.05371018 0.0539583  0.05350775 0.05272797 0.05429586
 0.05329224 0.0533327  0.05345855]"
swissroll_11,normal_4,RISWIE-PCA,0.13704132335373437,0.0004595714199793944,298.1937461643695,7.030142545700073,0.6763744207513649,"[0.13767152 0.1367772  0.13737571 0.13734919 0.13676362 0.13646003
 0.13785986 0.13635935 0.13744759 0.13685535 0.13655303 0.13647568
 0.13709477 0.13746372 0.13711322]"
cylinder_20,normal_23,Standard OT,0.012552489640734065,9.495173976969676e-05,132.1986271255254,18.463900327682495,2.304379336514211,"[0.0126326  0.01250901 0.01243835 0.01259199 0.01254027 0.01256582
 0.01269704 0.0123766  0.01268728 0.01238225 0.01260277 0.01249666
 0.01256376 0.01263656 0.01256638]"
cylinder_20,normal_23,Standard Sliced Wasserstein,0.03821898497623637,0.000381091679182461,100.28816440764557,14.026185512542725,0.8240844507504489,"[0.03842387 0.03830482 0.03775866 0.03842751 0.03840811 0.038462
 0.03862861 0.03728136 0.03810519 0.03759718 0.03832178 0.0383347
 0.03804846 0.03855832 0.03862419]"
cylinder_20,normal_23,RISWIE-PCA,0.06462377926018363,0.0003497562641848619,184.7680395683408,11.141817092895508,0.9084697451750157,"[0.06493323 0.06438635 0.06463579 0.06507727 0.06417176 0.06450532
 0.06530835 0.06400493 0.06478799 0.0642428  0.06439454 0.0644365
 0.06484396 0.06492906 0.06469884]"
banana_8,cylinder_11,Standard OT,0.0295301223201165,0.0009532526599412496,30.97827424046893,22.072759866714478,0.9701610807704021,"[0.0302996  0.02898111 0.03039571 0.03199568 0.02960228 0.02861442
 0.02962143 0.02897153 0.02888808 0.02874542 0.02921648 0.02867572
 0.02833394 0.03066287 0.02994757]"
banana_8,cylinder_11,Standard Sliced Wasserstein,0.1474749881675472,0.002937641216185007,50.20183790826126,16.685664892196655,0.090776956410514,"[0.147397   0.14720899 0.14632302 0.13971504 0.14960099 0.1490816
 0.14957404 0.14553045 0.15137403 0.14942835 0.14671321 0.14709304
 0.15052383 0.14306781 0.14949342]"
banana_8,cylinder_11,RISWIE-PCA,0.03427579784700719,0.001966126799526774,17.433157340237166,7.130955219268799,0.15980471507945831,"[0.033575   0.03576764 0.03098498 0.03016651 0.03302285 0.03649785
 0.03584176 0.03342434 0.0371474  0.03485462 0.03395041 0.03469569
 0.03697989 0.0329751  0.03425292]"
banana_13,normal_13,Standard OT,0.015032964240466164,8.82866043618541e-05,170.27457731698016,16.323901653289795,2.3302399008732118,"[0.01487314 0.01500969 0.01509018 0.0151223  0.01499633 0.01495814
 0.01514502 0.01490488 0.0151066  0.01500078 0.01499614 0.01496296
 0.01501796 0.01517597 0.01513439]"
banana_13,normal_13,Standard Sliced Wasserstein,0.04579380457588825,0.00047779142759269853,95.84475972416558,11.387740850448608,0.8420561626498467,"[0.04637294 0.04526637 0.04633945 0.04633618 0.04544351 0.04572372
 0.04671223 0.04552246 0.0455876  0.04522173 0.04589349 0.04530227
 0.04521059 0.04624967 0.04572485]"
banana_13,normal_13,RISWIE-PCA,0.06862945893495338,0.000249790863678939,274.7476746113667,7.746838808059692,0.9394161932924107,"[0.06872686 0.06844323 0.06903242 0.06887634 0.06837569 0.06840049
 0.06905088 0.06820563 0.06885066 0.06852955 0.06843921 0.06844101
 0.06850439 0.06875913 0.0688064 ]"
cylinder_2,normal_16,Standard OT,0.015520857916190978,0.0001286402627001934,120.65318890372293,14.293841123580933,1.9568843015427946,"[0.0157496  0.01547069 0.01536774 0.01543302 0.01559339 0.0156319
 0.01573177 0.0154109  0.01560817 0.0155551  0.01538783 0.01543514
 0.01543151 0.01565405 0.01535205]"
cylinder_2,normal_16,Standard Sliced Wasserstein,0.05720739639235216,0.0007530696794398303,75.96560843467472,17.982141733169556,0.5723908541763575,"[0.05824409 0.05647552 0.05662683 0.05807448 0.05687833 0.05775029
 0.05848324 0.05570881 0.05785422 0.05674627 0.05702102 0.05704936
 0.05647466 0.05771932 0.05700451]"
cylinder_2,normal_16,RISWIE-PCA,0.08784776859066527,0.000651613385976623,134.81578261164952,8.540642738342285,0.6495357965853668,"[0.08854711 0.08724748 0.08772972 0.08855688 0.08763681 0.08846046
 0.0889721  0.08712742 0.08819836 0.08707351 0.08709135 0.08719128
 0.08753096 0.08879208 0.08756101]"
swissroll_12,torus_6,Standard OT,0.051838261275385,0.0006563563806303858,78.97883345873451,12.142083406448364,1.0522979264637795,"[0.05144318 0.0512498  0.05218569 0.05233232 0.0510514  0.05076474
 0.05224866 0.05209677 0.05181603 0.05103613 0.05187987 0.05135679
 0.05234636 0.05324989 0.05251628]"
swissroll_12,torus_6,Standard Sliced Wasserstein,0.0946876729409069,0.0012469559028454452,75.93506131599187,12.236481666564941,0.19034051925912748,"[0.09722247 0.09489616 0.09489699 0.09520825 0.09698715 0.09447791
 0.09499563 0.09277531 0.09530481 0.09445989 0.09443047 0.0932224
 0.09251925 0.09441411 0.0945043 ]"
swissroll_12,torus_6,RISWIE-PCA,0.011077357298894678,0.0012252426478173344,9.040949822166285,7.791383504867554,0.20101181185947672,"[0.01105516 0.01293463 0.01022395 0.01226684 0.01383412 0.0119278
 0.00962102 0.01010394 0.01114138 0.01172574 0.01043283 0.00916216
 0.01018763 0.01061802 0.01092514]"
cylinder_25,gaussian_mixture_3,Standard OT,0.0013348522371970791,3.1496895182250746e-05,42.380438753509274,18.215397596359253,5.061119192219712,"[0.00131757 0.00139974 0.00140021 0.00130903 0.00136524 0.0013198
 0.00132922 0.00131853 0.00132692 0.00133001 0.00132082 0.00128398
 0.00135711 0.00130997 0.00133463]"
cylinder_25,gaussian_mixture_3,Standard Sliced Wasserstein,0.00562179092066696,6.946053758057386e-05,80.93503327908616,21.16634774208069,4.366314382071948,"[0.00565156 0.00562605 0.00558648 0.00561374 0.00564388 0.00550491
 0.00567198 0.00555865 0.00575101 0.00559767 0.00550063 0.00560019
 0.00567851 0.00573807 0.00560353]"
cylinder_25,gaussian_mixture_3,RISWIE-PCA,0.0042816785452226055,8.248034488893167e-05,51.91150147333076,11.042579889297485,4.4029613143722806,"[0.00422331 0.00433911 0.00421221 0.00420592 0.00431391 0.00415547
 0.00428819 0.00415574 0.00442239 0.00431525 0.00421694 0.00430398
 0.00433623 0.00443275 0.00430377]"
cylinder_21,gaussian_mixture_5,Standard OT,0.0016971893484639341,3.341421349363994e-05,50.792437439444065,13.305190563201904,4.817876707876929,"[0.00170242 0.00162812 0.0017252  0.00168422 0.00174213 0.00165305
 0.00173636 0.00171638 0.00168665 0.00172418 0.00171683 0.00169203
 0.00166143 0.00173034 0.00165851]"
cylinder_21,gaussian_mixture_5,Standard Sliced Wasserstein,0.0061925733714180975,0.00011155922464805157,55.50929016362838,8.525694131851196,3.9841439116386552,"[0.00625826 0.00586937 0.00628169 0.00614257 0.00617809 0.00618293
 0.00633205 0.00626023 0.00612406 0.00626087 0.00616026 0.00612618
 0.00625515 0.00633293 0.00612397]"
cylinder_21,gaussian_mixture_5,RISWIE-PCA,0.009020250473776284,9.269414472457921e-05,97.31197693854371,8.125368356704712,4.028209535120742,"[0.00907103 0.00875566 0.00905813 0.00908209 0.00902231 0.00905156
 0.00918402 0.0090354  0.00897956 0.00904638 0.00896028 0.00896257
 0.00905121 0.00910171 0.00894184]"
cylinder_4,banana_2,Standard OT,0.04389959121725216,0.0005527556528797445,79.41952468246001,24.072458267211914,1.1160990187411286,"[0.04387965 0.04411455 0.04386798 0.04402933 0.04311964 0.04270313
 0.04439034 0.04335687 0.04375161 0.04405392 0.04499457 0.04389876
 0.04386474 0.04374789 0.04472088]"
cylinder_4,banana_2,Standard Sliced Wasserstein,0.08997637646533589,0.0017393139071535198,51.730959026589424,15.576719045639038,0.13645868011220988,"[0.09270396 0.09086362 0.0884411  0.09182586 0.08774741 0.08624733
 0.09043669 0.09049643 0.08815783 0.08944845 0.09207726 0.08986081
 0.08896506 0.0910278  0.09134605]"
cylinder_4,banana_2,RISWIE-PCA,0.11338282138130261,0.002153834478850901,52.64230956215068,9.95090651512146,0.16797325581144323,"[0.11562798 0.11324274 0.11107497 0.11617964 0.11165238 0.11105741
 0.11302679 0.11623053 0.11237712 0.11098464 0.11024482 0.11658837
 0.11237698 0.11586219 0.11421577]"
normal_19,swissroll_0,Standard OT,0.004916601059270305,0.00025171538265473484,19.532382198564942,9.383699417114258,1.9559062285460491,"[0.00487815 0.00509534 0.00566719 0.00463496 0.0049612  0.004502
 0.00494065 0.00488052 0.00480335 0.00474518 0.00496448 0.00478704
 0.0050829  0.00497088 0.0048352 ]"
normal_19,swissroll_0,Standard Sliced Wasserstein,0.013019982769642316,0.0006768433835380598,19.236330126451158,14.594573020935059,0.5159537488973435,"[0.01311716 0.01291371 0.01510657 0.01211534 0.01329183 0.01207297
 0.013534   0.01300682 0.01264247 0.01251277 0.01298558 0.0130307
 0.01312561 0.01284369 0.01300052]"
normal_19,swissroll_0,RISWIE-PCA,0.009915052267052823,0.0005104141053483276,19.42550600220263,11.286856651306152,0.6781533520557076,"[0.00960575 0.00988596 0.01142816 0.00957391 0.0103388  0.00899807
 0.01018785 0.00989133 0.00949281 0.00972528 0.01000695 0.00977664
 0.01014583 0.00986427 0.00980419]"
swissroll_22,torus_7,Standard OT,0.016185622252592617,0.0003603331580995566,44.91849248056346,13.289011478424072,1.3923757742453151,"[0.01629777 0.01639175 0.01662209 0.01670528 0.01603668 0.01569831
 0.01601992 0.0157973  0.01665231 0.0156216  0.01589785 0.01672518
 0.01611525 0.01592108 0.01628198]"
swissroll_22,torus_7,Standard Sliced Wasserstein,0.05233361410747472,0.0008363105942075707,62.576768093034126,12.538382768630981,0.34729856963397426,"[0.05357421 0.05130957 0.05191355 0.0508776  0.05209443 0.05309877
 0.05327927 0.05311041 0.05132262 0.05327559 0.05263337 0.05140769
 0.05222015 0.05297879 0.0519082 ]"
swissroll_22,torus_7,RISWIE-PCA,0.0059796193260085884,0.0011192792205536207,5.342383934413554,7.685067176818848,0.3522695905649903,"[0.00676449 0.00550859 0.00523076 0.00439257 0.00616315 0.00673082
 0.00605017 0.00838063 0.0037541  0.00751844 0.00651492 0.00617482
 0.00552791 0.00579175 0.00519116]"
banana_24,torus_26,Standard OT,0.02190849970761167,0.0004781248992234108,45.82170839292476,15.784320831298828,1.1469261435733322,"[0.02273743 0.02123493 0.0224692  0.0218456  0.02196845 0.02155216
 0.02217408 0.02184681 0.02163132 0.02216786 0.02111796 0.0221145
 0.02243236 0.02219789 0.02113694]"
banana_24,torus_26,Standard Sliced Wasserstein,0.14603812917826373,0.0017151037307988179,85.14827794715703,16.96186637878418,0.15774726330759625,"[0.14776329 0.14558689 0.14718343 0.1502083  0.1439844  0.14621639
 0.14713988 0.14589102 0.14575112 0.14465382 0.14539351 0.14509083
 0.14249894 0.14697692 0.14623318]"
banana_24,torus_26,RISWIE-PCA,0.007857178954744158,0.0011235945090658304,6.992895471940948,12.489447832107544,0.22715637351475343,"[0.00670443 0.00599053 0.00974362 0.00759386 0.00822683 0.00621655
 0.00852973 0.00776689 0.00671392 0.00856784 0.00927949 0.00773753
 0.00795593 0.00958252 0.00724802]"
cylinder_13,cylinder_8,Standard OT,0.2303774841069022,0.001094159328897442,210.55204486447877,18.080663919448853,0.6541066628002108,"[0.2311867  0.23011456 0.23198411 0.2300045  0.22925565 0.22929038
 0.23181245 0.22828255 0.23095747 0.22918958 0.23118869 0.22933707
 0.23064891 0.23061548 0.23179415]"
cylinder_13,cylinder_8,Standard Sliced Wasserstein,0.014783030739263013,0.004568682310727686,3.235731822401198,11.986806869506836,0.033660599452692216,"[0.00266103 0.01448909 0.01080575 0.01323218 0.02075108 0.01962072
 0.01526643 0.0176007  0.01935772 0.01608443 0.01409961 0.01350717
 0.02080526 0.01100878 0.01245551]"
cylinder_13,cylinder_8,RISWIE-PCA,0.5735088517445658,0.005191712900524962,110.46621081196058,5.663810968399048,0.046899386494457886,"[0.57243306 0.57149856 0.58559038 0.57351249 0.5692678  0.57079205
 0.57671203 0.56454225 0.56998876 0.57142011 0.57742001 0.56833105
 0.57328334 0.57578706 0.58205384]"
banana_3,gaussian_mixture_18,Standard OT,0.003807405984739568,5.023738400247504e-05,75.78830108972213,14.646769046783447,3.614615385988465,"[0.0037368  0.00381806 0.00381473 0.00381158 0.00384019 0.00377567
 0.00391943 0.00371878 0.00379826 0.00374677 0.00383929 0.00377999
 0.00387375 0.00381702 0.00382079]"
banana_3,gaussian_mixture_18,Standard Sliced Wasserstein,0.014366171837320215,0.0001925611962527107,74.60574672825851,8.743802547454834,2.2372317529336483,"[0.01457663 0.01421482 0.01458816 0.0145618  0.01434376 0.01432628
 0.01477056 0.0141941  0.01430992 0.01406544 0.01434948 0.01412426
 0.01419386 0.0145209  0.0143526 ]"
banana_3,gaussian_mixture_18,RISWIE-PCA,0.01583241501588154,0.00022013223971096017,71.92229105863797,5.7145302295684814,2.2612228290601637,"[0.01596486 0.01560921 0.01605318 0.01612055 0.01586985 0.01571948
 0.01634234 0.01567479 0.01582345 0.01555761 0.01577216 0.01556396
 0.01559336 0.01597405 0.01584737]"
swissroll_25,torus_8,Standard OT,0.02560041605478592,0.0007418452159707887,34.50910716096601,10.028011560440063,1.2097666901040698,"[0.02623395 0.02409293 0.02530288 0.02692126 0.02512319 0.02569783
 0.02503141 0.02618229 0.02594897 0.0261638  0.0247921  0.02453825
 0.02627516 0.02569791 0.02600432]"
swissroll_25,torus_8,Standard Sliced Wasserstein,0.07047566331237703,0.0016379182150048546,43.027583835843814,8.692037105560303,0.22889022268133694,"[0.06877943 0.07263781 0.07307974 0.06817834 0.06985024 0.06925792
 0.07343928 0.07068977 0.07106291 0.06978688 0.07190675 0.07060624
 0.068166   0.07052432 0.06916934]"
swissroll_25,torus_8,RISWIE-PCA,0.007983873631542935,0.0017472540517033716,4.569383384035984,5.777913570404053,0.2418971183852508,"[0.00498771 0.00951706 0.00907879 0.00528232 0.006187   0.00835216
 0.00812499 0.00995071 0.01133975 0.01003757 0.00737437 0.00795684
 0.00638672 0.00763867 0.00754344]"
normal_3,normal_18,Standard OT,0.001840795791752439,0.00022325486771109697,8.245266097107104,11.538768529891968,2.215961450680795,"[0.00161611 0.00183759 0.00172103 0.00234991 0.002177   0.00190996
 0.00165486 0.00155263 0.00150338 0.00171989 0.00186976 0.00182582
 0.00187179 0.00194501 0.00205719]"
normal_3,normal_18,Standard Sliced Wasserstein,0.017738038351602092,0.001387300518935308,12.78601003134869,8.755242586135864,0.267439600270746,"[0.01627955 0.01825045 0.01793322 0.02016722 0.01973831 0.018789
 0.01656989 0.01713133 0.01451236 0.01750113 0.01720759 0.01689178
 0.01756453 0.01898537 0.01854884]"
normal_3,normal_18,RISWIE-PCA,0.013095563605710877,0.001363656947542237,9.603268350821983,5.897326946258545,0.3202442532752968,"[0.01083966 0.01364822 0.01234663 0.01474665 0.01596641 0.01583832
 0.01233409 0.01258421 0.01215185 0.01236663 0.01286227 0.01233146
 0.01242502 0.0131915  0.01280054]"
swissroll_13,normal_12,Standard OT,0.021387038122954307,0.00013171502277264818,162.37356736346038,10.760960340499878,1.9617418746973556,"[0.02144884 0.02127577 0.02130732 0.02160924 0.02120494 0.02122838
 0.02156139 0.02139894 0.02147848 0.02147208 0.02128161 0.02143477
 0.02147899 0.02147187 0.02115296]"
swissroll_13,normal_12,Standard Sliced Wasserstein,0.05186135883329365,0.0007440805004521401,69.69858610967513,8.785039186477661,0.5192134673587159,"[0.05314572 0.05099629 0.05072598 0.05332411 0.05120102 0.05115035
 0.05225474 0.05177904 0.05230298 0.05155716 0.05197315 0.0515454
 0.05261916 0.05126663 0.05207866]"
swissroll_13,normal_12,RISWIE-PCA,0.13604309019002836,0.00043165209201644945,315.1683791326187,5.730530500411987,0.6803574149580277,"[0.13660058 0.13568563 0.13631668 0.13662964 0.13586282 0.13563046
 0.13668572 0.135558   0.13646579 0.13562724 0.13562162 0.13537505
 0.13609725 0.13635984 0.13613004]"
gaussian_mixture_27,torus_17,Standard OT,0.00019102815053652995,4.813964953682993e-05,3.96820816882726,13.124890804290771,4.334546361627043,"[0.00027739 0.00019468 0.00022227 0.00021593 0.00014128 0.00019552
 0.00017122 0.00014873 0.00022717 0.00024683 0.00015868 0.00012237
 0.00026495 0.00013933 0.00013906]"
gaussian_mixture_27,torus_17,Standard Sliced Wasserstein,0.00040807002403134426,0.00010725100413492207,3.8048130861133105,8.626430034637451,3.0707937215246655,"[0.00057886 0.0003911  0.00047374 0.00050556 0.00030847 0.00039267
 0.00037792 0.00029795 0.00047479 0.00051774 0.00030493 0.00027498
 0.00060945 0.00030235 0.00031054]"
gaussian_mixture_27,torus_17,RISWIE-PCA,0.0004487328025687462,0.00010385673564410274,4.320690418255279,5.761703729629517,3.0969609673636955,"[0.00065932 0.00046284 0.00051383 0.00051499 0.00035592 0.00043065
 0.0004128  0.00036308 0.0004917  0.00056739 0.00036316 0.00030816
 0.00060582 0.00033842 0.0003429 ]"
cylinder_10,banana_21,Standard OT,0.04035824970045762,0.0006896527393286164,58.51966852150369,13.138992309570312,1.1085021148668504,"[0.04104485 0.04019527 0.04086287 0.04108912 0.04054077 0.04084001
 0.04072537 0.04076329 0.04089609 0.04076991 0.03926664 0.03891621
 0.04017643 0.03914419 0.04014274]"
cylinder_10,banana_21,Standard Sliced Wasserstein,0.07979903341319045,0.002029231580184986,39.32475435155406,8.057026147842407,0.13969296355896046,"[0.08328134 0.07852866 0.0806963  0.08343254 0.08043498 0.0808573
 0.08057153 0.08020631 0.08040788 0.08037303 0.07776947 0.07705177
 0.07922852 0.07562785 0.07851802]"
cylinder_10,banana_21,RISWIE-PCA,0.08839285265660178,0.0020758229836934875,42.582076290207276,6.5785040855407715,0.14982889226134313,"[0.0889695  0.08980958 0.08878971 0.09449808 0.0881346  0.08853347
 0.08642251 0.08962486 0.08695846 0.08727058 0.08956349 0.08745398
 0.08833039 0.08568641 0.08584717]"
torus_3,gaussian_mixture_4,Standard OT,0.0010713033682712013,3.34678932551004e-05,32.00988362504527,13.366622924804688,5.127481811966887,"[0.00106062 0.00108541 0.0010588  0.00108089 0.00108727 0.00101697
 0.00107581 0.00103798 0.00105676 0.00103493 0.00105878 0.00104627
 0.00113493 0.00114304 0.00109108]"
torus_3,gaussian_mixture_4,Standard Sliced Wasserstein,0.0027895778324405892,9.146202218292696e-05,30.499848635112667,8.730886220932007,4.330058802200614,"[0.00287755 0.00260702 0.00277275 0.00275025 0.00293164 0.00283503
 0.00296309 0.0026466  0.00270323 0.00279879 0.00279364 0.00281218
 0.00279862 0.00275109 0.00280219]"
torus_3,gaussian_mixture_4,RISWIE-PCA,0.007825227697452876,7.522505036252051e-05,104.02422676677463,5.876226186752319,4.444460735121505,"[0.00793829 0.00769064 0.00786971 0.0078412  0.00786823 0.00790656
 0.00797748 0.00771282 0.00780628 0.00780415 0.00782133 0.00779269
 0.00779066 0.00777026 0.00778811]"
cylinder_0,torus_16,Standard OT,0.024541283112662206,0.0005954379365734319,41.21551820142665,9.081060886383057,1.2737141995317183,"[0.02402127 0.02427356 0.02440244 0.02536899 0.02525372 0.02357455
 0.02469276 0.02394357 0.02501325 0.02429215 0.02375735 0.02532838
 0.02453051 0.02544971 0.02421703]"
cylinder_0,torus_16,Standard Sliced Wasserstein,0.0643001527708297,0.001524709953657642,42.172055489360076,8.860828876495361,0.2701439037237569,"[0.06778714 0.06450776 0.06520436 0.06309802 0.0626994  0.06627893
 0.06648521 0.06385449 0.06401894 0.06397393 0.06418932 0.06167527
 0.06372533 0.06313933 0.06386487]"
cylinder_0,torus_16,RISWIE-PCA,0.012872073958527405,0.0012760499857030763,10.0874370931756,5.798799276351929,0.28220405349269734,"[0.01129651 0.01015626 0.01395522 0.01461462 0.01489226 0.01121822
 0.01162814 0.0127891  0.01259272 0.01367822 0.01358601 0.01356803
 0.01338332 0.01289777 0.01282472]"
banana_11,swissroll_14,Standard OT,0.03336991110008757,0.0006877215127671168,48.52241856710338,10.280600786209106,1.0670830935493922,"[0.03402836 0.03257255 0.03389655 0.0339727  0.03276038 0.03326399
 0.0348757  0.03298591 0.0330664  0.03262732 0.0329917  0.03257971
 0.03297357 0.03435223 0.03360161]"
banana_11,swissroll_14,Standard Sliced Wasserstein,0.15699074631458265,0.0008799093013912271,178.41696418751812,8.716554641723633,0.12402505092654395,"[0.1571011  0.15739191 0.1580022  0.15552505 0.15631036 0.15737074
 0.15673445 0.15666397 0.15772991 0.15640339 0.15548454 0.15746131
 0.15853394 0.1561488  0.15799952]"
banana_11,swissroll_14,RISWIE-PCA,0.06099989113966339,0.0009013067016123572,67.679393740821,5.891011953353882,0.18882858184888707,"[0.06041605 0.06078794 0.06169578 0.06201483 0.06005834 0.06028423
 0.06109083 0.06096513 0.06119271 0.06075273 0.05912286 0.06154348
 0.06046177 0.06309937 0.06151232]"
torus_28,cylinder_27,Standard OT,0.03173538090865731,0.0006963217979595448,45.5757395526789,9.487163305282593,1.2132499031968638,"[0.03343028 0.03096971 0.03165674 0.03100346 0.03147141 0.03206156
 0.03146152 0.03266019 0.03214117 0.03067436 0.03114306 0.03225616
 0.03174118 0.03203146 0.03132844]"
torus_28,cylinder_27,Standard Sliced Wasserstein,0.03855296747280095,0.0018789898624237756,20.51792201958456,8.9184730052948,0.21431253455403393,"[0.04271027 0.03735023 0.037684   0.03746454 0.03662855 0.03873978
 0.03728982 0.04123849 0.03877069 0.03527646 0.03884778 0.04033302
 0.03800573 0.04056584 0.03738931]"
torus_28,cylinder_27,RISWIE-PCA,0.04043038576514555,0.001933996015591472,20.905102926378454,5.962228059768677,0.21387939848786752,"[0.04498706 0.03861893 0.03944457 0.03925292 0.03876321 0.04097131
 0.03942037 0.04262448 0.04136708 0.03730681 0.04095614 0.04269526
 0.03943331 0.04167303 0.0389413 ]"
cylinder_18,swissroll_10,Standard OT,0.1802708869903995,0.0010201966781089118,176.70209172270464,8.364013910293579,0.7365599516783388,"[0.18290535 0.18018774 0.18050795 0.18004208 0.18147397 0.18039367
 0.1799562  0.17937303 0.18088561 0.18093449 0.18035288 0.17863565
 0.1801689  0.17927016 0.17897563]"
cylinder_18,swissroll_10,Standard Sliced Wasserstein,0.33064167180397747,0.005109220305860578,64.71470244191896,8.822583198547363,0.035434528015769816,"[0.33497884 0.33577331 0.33419009 0.32937077 0.33513915 0.32089693
 0.32557941 0.32883581 0.33120776 0.33708953 0.33255209 0.32649315
 0.33624981 0.32095553 0.33031291]"
cylinder_18,swissroll_10,RISWIE-PCA,0.6813302532254849,0.003930735093139502,173.33405510196883,5.945874929428101,0.06864712008534313,"[0.68640251 0.67775556 0.6847364  0.68146472 0.67928101 0.6838896
 0.6881771  0.6773361  0.68500763 0.68370937 0.6744107  0.6750576
 0.6817663  0.68043098 0.68052821]"
swissroll_23,cylinder_15,Standard OT,0.10768200102241497,0.0016108855412980388,66.84646317928068,11.316186666488647,0.8234656545833429,"[0.10952794 0.10628142 0.10905407 0.10749027 0.10613802 0.10629588
 0.10921029 0.10705444 0.10755495 0.10478483 0.10844727 0.10519109
 0.10998346 0.10924432 0.10897176]"
swissroll_23,cylinder_15,Standard Sliced Wasserstein,0.21567266710175295,0.006035184810680737,35.73588446207437,8.86227560043335,0.07348925540159855,"[0.22418321 0.21076808 0.21861947 0.21555908 0.21275882 0.211791
 0.21612035 0.21325238 0.21696384 0.20699084 0.21958311 0.20245686
 0.22499711 0.22282174 0.21822412]"
swissroll_23,cylinder_15,RISWIE-PCA,0.016112541153473377,0.005765811777072455,2.7944965559826844,5.755262136459351,0.09583948412982829,"[0.01870373 0.01071642 0.01817962 0.01800449 0.01021009 0.01489103
 0.01346071 0.01442826 0.01496535 0.00654987 0.02148539 0.00712331
 0.02508001 0.02521803 0.02267182]"
torus_29,swissroll_21,Standard OT,0.013526986257824832,0.00039953080991736917,33.85717927641795,8.92807388305664,1.5470572405259664,"[0.01337122 0.01380627 0.01399678 0.01260344 0.01358579 0.01368646
 0.01362816 0.01319844 0.01370375 0.01304783 0.01344176 0.01376793
 0.01309265 0.0142451  0.01372921]"
torus_29,swissroll_21,Standard Sliced Wasserstein,0.01778446146422302,0.000880968733074301,20.18739235178177,8.761975765228271,0.38835945481824563,"[0.01760541 0.01821189 0.01827554 0.01524266 0.01773548 0.01768897
 0.01836396 0.01803965 0.01799986 0.01663154 0.01799166 0.01818621
 0.01717727 0.0191737  0.01844314]"
torus_29,swissroll_21,RISWIE-PCA,0.028345666637067432,0.0008343419275086021,33.97368117614488,5.79998254776001,0.40330618838632265,"[0.0279912  0.02875849 0.02918535 0.02612659 0.02841978 0.02832585
 0.02875119 0.02812918 0.02864915 0.02734484 0.0283216  0.02870071
 0.02772937 0.02991272 0.02883898]"
cylinder_14,swissroll_3,Standard OT,0.12196343831583999,0.0011483380149923895,106.20865696643186,8.443490743637085,0.8176766726639513,"[0.12210122 0.1222091  0.12382917 0.12333868 0.11993269 0.12329171
 0.12365689 0.12083432 0.12154395 0.12272522 0.12056789 0.12140908
 0.12139153 0.12153988 0.12108024]"
cylinder_14,swissroll_3,Standard Sliced Wasserstein,0.1817712613644264,0.0022601724486625645,80.42362496365611,8.793334007263184,0.07178107553672457,"[0.18173431 0.18017776 0.18013219 0.1825128  0.1803937  0.17688638
 0.18142666 0.18012925 0.18408122 0.1806598  0.18124526 0.18407292
 0.18663016 0.18219781 0.18428871]"
cylinder_14,swissroll_3,RISWIE-PCA,0.38376102794444095,0.003653863533954231,105.02883437716478,5.842488765716553,0.09519472981913911,"[0.38646886 0.38432145 0.38825868 0.38548212 0.38030726 0.38905683
 0.3878613  0.38071017 0.38233644 0.3888856  0.37838938 0.3816902
 0.37929431 0.38425059 0.37910223]"
normal_8,gaussian_mixture_21,Standard OT,0.0002653402138346703,7.407257716814403e-05,3.582165275988044,15.00309705734253,4.0230192969660585,"[0.00020919 0.00025068 0.00023367 0.00036778 0.00025388 0.00031396
 0.00021702 0.00038919 0.00013501 0.00031187 0.00032223 0.00023309
 0.00018751 0.00018399 0.00037101]"
normal_8,gaussian_mixture_21,Standard Sliced Wasserstein,0.0026644311427860687,0.00023127068935721042,11.520833661159314,9.859624147415161,2.3987078778136834,"[0.00294046 0.00249072 0.00286521 0.00290044 0.00284128 0.0025744
 0.00270318 0.00289238 0.00219542 0.00255809 0.00288196 0.00262405
 0.00222224 0.00251597 0.00276067]"
normal_8,gaussian_mixture_21,RISWIE-PCA,0.001669789865544695,0.00015594058111003618,10.707859709503346,5.764408588409424,2.4922066710563153,"[0.00187168 0.00164175 0.00170959 0.00177617 0.00179471 0.00159305
 0.00172091 0.00177012 0.00134716 0.00147719 0.00192232 0.00167065
 0.00149696 0.00148999 0.0017646 ]"
torus_11,normal_17,Standard OT,0.010012908952584497,9.746752013688825e-05,102.7307244354003,12.327082395553589,2.326266898839086,"[0.01012025 0.00994682 0.01014332 0.01012039 0.00999969 0.00990769
 0.01003244 0.00994408 0.00992339 0.00984156 0.01003547 0.00996926
 0.01012708 0.01015787 0.00992432]"
torus_11,normal_17,Standard Sliced Wasserstein,0.02786056822009412,0.0004439108629021789,62.76162749870244,9.592414379119873,0.6106751144907687,"[0.02817034 0.0280294  0.0276424  0.02746603 0.02766139 0.02770969
 0.02879078 0.02732667 0.0276163  0.02859792 0.02753811 0.02841659
 0.02756393 0.02733428 0.02804469]"
torus_11,normal_17,RISWIE-PCA,0.06305546296894188,0.0003983254452544209,158.30136819069318,5.788495779037476,0.9138172821673884,"[0.06388266 0.06293449 0.06326546 0.06293524 0.06289707 0.06283526
 0.0638862  0.06266336 0.06312481 0.06253033 0.06285864 0.06273857
 0.06332737 0.06329155 0.06266092]"
gaussian_mixture_9,normal_22,Standard OT,0.00027205407258287556,8.305768723463521e-05,3.27548336151393,14.844698429107666,3.6371161753238535,"[0.00017221 0.00040766 0.00031198 0.000323   0.00017776 0.00036604
 0.00017495 0.00020257 0.00024895 0.00040766 0.00022037 0.00037511
 0.00025566 0.00023734 0.00019954]"
gaussian_mixture_9,normal_22,Standard Sliced Wasserstein,0.0009190728608968932,0.00020195026764696284,4.550986099724119,14.445411443710327,1.8406289200395836,"[0.00072355 0.00127838 0.0011146  0.00109704 0.00072072 0.00100792
 0.00062383 0.00089478 0.00082505 0.00126109 0.0007624  0.00110098
 0.0008622  0.00074763 0.00076593]"
gaussian_mixture_9,normal_22,RISWIE-PCA,0.00047518449908608954,0.00017377182517245966,2.7345313235588864,6.199846029281616,2.007616582761112,"[0.00036471 0.00069969 0.00058818 0.00057335 0.00033193 0.00066271
 0.00033135 0.00034455 0.00038967 0.00078663 0.00036508 0.00073965
 0.00040082 0.00024142 0.00030802]"
cylinder_28,normal_29,Standard OT,0.014459455564282313,0.00014911737177539266,96.96694216192195,10.566607236862183,1.9364293275509608,"[0.01454956 0.01431261 0.01445518 0.01457447 0.01453227 0.01457697
 0.01468463 0.01454059 0.01440791 0.01454742 0.01425461 0.01413831
 0.01447544 0.01458751 0.01425434]"
cylinder_28,normal_29,Standard Sliced Wasserstein,0.05136385796847739,0.0006199261165216849,82.85480575761594,8.713673114776611,0.5134999457629581,"[0.05222448 0.0507678  0.05146182 0.05123619 0.05225285 0.05060799
 0.05179288 0.05037948 0.05210729 0.05145041 0.0512176  0.0508877
 0.05173098 0.05191518 0.05042522]"
cylinder_28,normal_29,RISWIE-PCA,0.09091822057049675,0.0003936965095923635,230.9347895022849,5.778874158859253,0.6325340284142832,"[0.09117442 0.09060903 0.09134708 0.09132492 0.0909768  0.09034775
 0.09151842 0.09040389 0.09121804 0.090781   0.09071078 0.09033671
 0.09076959 0.09148882 0.09076604]"
banana_4,normal_25,Standard OT,0.017094024564771434,7.229769738745302e-05,236.43940516061352,12.450124025344849,2.331097403929043,"[0.01708372 0.01700946 0.01717207 0.01717966 0.0170633  0.01694684
 0.01715156 0.01699744 0.01714447 0.01704623 0.0170339  0.01714368
 0.01718011 0.01715825 0.01709967]"
banana_4,normal_25,Standard Sliced Wasserstein,0.04879151205601533,0.00048693424296312364,100.20143943688593,8.5142343044281,0.8589272160928151,"[0.04931198 0.04819619 0.04923505 0.04971723 0.04845644 0.04851249
 0.04953044 0.04852459 0.0483849  0.04808093 0.04881907 0.04861593
 0.04842041 0.04927177 0.04879525]"
banana_4,normal_25,RISWIE-PCA,0.07687697513031995,0.00029669402177680656,259.11197896718,5.742019891738892,0.9425593449484715,"[0.0770458  0.07644173 0.07726882 0.07724368 0.0768235  0.07654362
 0.07744149 0.07651232 0.07692452 0.0766698  0.07648955 0.07679278
 0.07693402 0.07695236 0.07707065]"
torus_9,banana_15,Standard OT,0.00975081484699434,0.00041923378079795936,23.258657325835898,13.065853357315063,1.6585816793646553,"[0.0098771  0.00938365 0.0103502  0.0101441  0.00929021 0.00998078
 0.00991482 0.00946321 0.01013877 0.01028505 0.01002718 0.00881099
 0.00968965 0.00955479 0.00935172]"
torus_9,banana_15,Standard Sliced Wasserstein,0.016833360142276047,0.0008240005334284485,20.42882189922485,10.685181856155396,0.46637762814096323,"[0.01768948 0.01612673 0.01787328 0.01686901 0.01582586 0.01733215
 0.01744195 0.01663366 0.01768876 0.01770922 0.0174367  0.01497546
 0.01622571 0.01642936 0.01624307]"
torus_9,banana_15,RISWIE-PCA,0.011212121671624,0.0007493356379793089,14.962749805760067,7.980156898498535,0.4855607940349076,"[0.01145964 0.0107282  0.01217244 0.01119971 0.00991362 0.01188713
 0.01186286 0.01102813 0.01188265 0.01234393 0.01154572 0.00975733
 0.01069209 0.01109989 0.01060849]"
banana_17,cylinder_12,Standard OT,0.04709256292240196,0.0009273426649552712,50.78226711878223,13.775119304656982,0.9505604240639228,"[0.04834785 0.0472222  0.04781848 0.04826919 0.04692496 0.04691637
 0.04829015 0.04643286 0.04671982 0.04657722 0.04589629 0.0459926
 0.04651962 0.04865436 0.04580649]"
banana_17,cylinder_12,Standard Sliced Wasserstein,0.10745809194811264,0.0026829130924202406,40.052766618383195,11.151429414749146,0.08479824801816477,"[0.10406713 0.10817469 0.10668081 0.10407465 0.10888989 0.10565025
 0.10642976 0.10568378 0.11152888 0.10907757 0.10796001 0.10854449
 0.11216023 0.1026203  0.11032895]"
banana_17,cylinder_12,RISWIE-PCA,0.042133812099298576,0.002505784804250955,16.814617132253495,7.253099203109741,0.13678944654983954,"[0.04508926 0.04113768 0.0462813  0.04178774 0.04388761 0.0412686
 0.04492728 0.04251177 0.04228231 0.04311774 0.03837172 0.03869961
 0.03842806 0.04481879 0.03939771]"
banana_16,swissroll_16,Standard OT,0.041793081077542475,0.0008317696311649434,50.24598099236774,10.779326438903809,1.0508197010666345,"[0.04274843 0.04183443 0.04198085 0.04260881 0.04118989 0.04159322
 0.04290181 0.0403522  0.04255686 0.0424179  0.04115026 0.0404016
 0.04065328 0.0423139  0.04219279]"
banana_16,swissroll_16,Standard Sliced Wasserstein,0.11800318825552232,0.0016396411251925391,71.96891224698057,10.016374349594116,0.10097901424042215,"[0.11730484 0.11789467 0.11922552 0.11946742 0.11842553 0.11523545
 0.11875747 0.1175806  0.11900301 0.11433853 0.11787141 0.11902985
 0.11980949 0.11595032 0.12015372]"
banana_16,swissroll_16,RISWIE-PCA,0.10206455722148007,0.00198130451092059,51.513816608663035,6.288992643356323,0.17512960845846326,"[0.10550746 0.10130544 0.10405984 0.10368285 0.10099153 0.09804064
 0.1049693  0.10098766 0.10335929 0.10243314 0.10101061 0.10191589
 0.09903415 0.1012524  0.10241816]"
normal_21,banana_28,Standard OT,0.002606056342241934,0.0001973509098832066,13.205190408213538,16.483617782592773,2.3151608566914965,"[0.00219306 0.00245485 0.00270533 0.00261891 0.00290029 0.00261336
 0.00258908 0.00250244 0.00260953 0.00291128 0.00249308 0.00267648
 0.00292552 0.00234705 0.0025506 ]"
normal_21,banana_28,Standard Sliced Wasserstein,0.006047786400239795,0.00039080911482490077,15.475039273199814,10.246115446090698,0.8399348336525073,"[0.0053681  0.00573821 0.00645307 0.00600492 0.00661798 0.0061824
 0.00580442 0.00565653 0.00598148 0.00658626 0.00596803 0.00629447
 0.00662601 0.00549682 0.00593809]"
normal_21,banana_28,RISWIE-PCA,0.005485003516996475,0.00039702943528547517,13.815105454467387,6.384511232376099,0.9197306397927248,"[0.00473993 0.00536336 0.00580033 0.00536261 0.00591148 0.00549469
 0.00537708 0.00514023 0.00532365 0.00619179 0.00533039 0.00580352
 0.00614455 0.00498527 0.00530618]"
torus_23,banana_18,Standard OT,0.012477151550052619,0.0004935639457441493,25.27970622173535,14.392552375793457,1.4819464394760866,"[0.01280282 0.01221887 0.01207535 0.01261613 0.01138709 0.01302042
 0.0132422  0.01203397 0.01289998 0.01217537 0.0122748  0.01286836
 0.01237559 0.01310221 0.01206411]"
torus_23,banana_18,Standard Sliced Wasserstein,0.024790433453401362,0.0009379792252958278,26.429618892233723,10.12156081199646,0.3510577391897079,"[0.02504981 0.02433641 0.02405731 0.02501331 0.02324283 0.02611154
 0.02630117 0.02404279 0.02582772 0.02389406 0.02427429 0.02562427
 0.02445965 0.0259069  0.02371444]"
torus_23,banana_18,RISWIE-PCA,0.003018780833513837,0.000913734673837627,3.303782728125169,6.268416166305542,0.3889971244147773,"[0.00294123 0.00262922 0.00182985 0.00354733 0.00135653 0.00372907
 0.00441976 0.00281876 0.00390472 0.00290569 0.0022534  0.00374983
 0.00294846 0.00443877 0.00180908]"
gaussian_mixture_12,swissroll_20,Standard OT,0.00011089975414854782,4.417996402318245e-05,2.5101820836783766,10.897717952728271,5.232114888351075,"[9.89207417e-05 5.37150974e-05 1.17283446e-04 1.85736951e-04
 5.53688000e-05 1.46978927e-04 5.26102526e-05 1.38678546e-04
 1.74586764e-04 1.26586590e-04 1.05123634e-04 8.63856930e-05
 5.47126933e-05 9.76124166e-05 1.69195760e-04]"
gaussian_mixture_12,swissroll_20,Standard Sliced Wasserstein,0.0002282036233376713,8.983104368720003e-05,2.5403648223469086,9.927887916564941,4.733721831767353,"[2.13350836e-04 1.10413992e-04 2.15379301e-04 3.75376262e-04
 1.07306586e-04 3.15002087e-04 9.93005179e-05 2.76758211e-04
 3.35383606e-04 2.53881472e-04 2.46151729e-04 1.92368303e-04
 1.05325172e-04 2.25794748e-04 3.51261527e-04]"
gaussian_mixture_12,swissroll_20,RISWIE-PCA,0.00023539929833067108,8.648723406055566e-05,2.721780860350463,6.332934617996216,4.765220014037194,"[0.00020815 0.00011623 0.00024698 0.00038468 0.00012459 0.00031651
 0.00012399 0.00029012 0.00034705 0.00026919 0.0002261  0.00018244
 0.00013793 0.00020484 0.00035219]"
cylinder_5,swissroll_19,Standard OT,0.1847205165996982,0.0013370301921999616,138.1573263471017,8.323121309280396,0.7270201177098864,"[0.18564022 0.18454269 0.18669596 0.18429775 0.18414831 0.18217778
 0.1878986  0.18337896 0.18517514 0.18373695 0.18416737 0.1841696
 0.18419124 0.18482313 0.18576408]"
cylinder_5,swissroll_19,Standard Sliced Wasserstein,0.06335521495523244,0.0033787460479885985,18.751102940378853,10.262389183044434,0.03866712747791058,"[0.05809912 0.0632049  0.06303366 0.06459879 0.05803897 0.0696842
 0.058799   0.06380975 0.06755171 0.06563072 0.06236334 0.06278252
 0.0673658  0.06508771 0.06027804]"
cylinder_5,swissroll_19,RISWIE-PCA,0.7217941723801071,0.005052596562647683,142.85608665376392,6.342190265655518,0.06638653208568857,"[0.71867724 0.71803029 0.73050155 0.72294671 0.71988381 0.71283591
 0.73386906 0.71780261 0.72207948 0.72083368 0.72175412 0.71843532
 0.71989757 0.72332319 0.72604204]"
gaussian_mixture_10,banana_7,Standard OT,0.00024074546105212974,5.945751767416219e-05,4.0490331663601875,16.450076580047607,4.248769639273906,"[0.00027762 0.00024416 0.00015429 0.00027042 0.00019225 0.0002068
 0.00021325 0.00029145 0.00025529 0.00017368 0.00021244 0.00030026
 0.00029265 0.00037219 0.00015445]"
gaussian_mixture_10,banana_7,Standard Sliced Wasserstein,0.0005369959662983947,0.0001248527675742717,4.3010337434366415,11.635349035263062,3.0349685038372383,"[0.00065363 0.0005372  0.00033085 0.00057882 0.00043292 0.0005029
 0.0005263  0.00063228 0.00053672 0.0004029  0.00046967 0.0006795
 0.00061624 0.00080379 0.00035123]"
gaussian_mixture_10,banana_7,RISWIE-PCA,0.000504388161394141,0.00012093877714586884,4.170607420527986,6.195663213729858,3.116884976053363,"[0.00058565 0.00049248 0.00033379 0.00057136 0.00039667 0.00044688
 0.00049727 0.00059047 0.00050814 0.00036233 0.00045855 0.00062995
 0.00060111 0.00077567 0.00031552]"
swissroll_8,gaussian_mixture_29,Standard OT,0.0017659245488816882,2.7067732552273782e-05,65.24094862660908,13.794102191925049,5.330856440292435,"[0.00174715 0.00177428 0.00175395 0.00178402 0.00174374 0.00181918
 0.00181506 0.00176068 0.00176721 0.00173976 0.0017213  0.00174559
 0.00176197 0.00175566 0.00179931]"
swissroll_8,gaussian_mixture_29,Standard Sliced Wasserstein,0.00473898392175177,5.0696726154088266e-05,93.4771193577282,9.75428295135498,4.94457675876775,"[0.00473705 0.00467528 0.00468947 0.00475413 0.00468374 0.00472177
 0.00473965 0.00468883 0.00471175 0.00484932 0.0047304  0.00477712
 0.00479958 0.0047057  0.00482097]"
swissroll_8,gaussian_mixture_29,RISWIE-PCA,0.01088371485165061,3.5263676142288904e-05,308.63812404965466,6.062259912490845,4.968234148165165,"[0.01085743 0.01084679 0.01084978 0.01093164 0.01085867 0.01088726
 0.01092241 0.01084538 0.01084554 0.01094281 0.01089851 0.01088078
 0.01092048 0.01084529 0.01092295]"
normal_24,cylinder_16,Standard OT,0.002644835278192386,0.0001751919238632429,15.096787682159247,14.311199188232422,2.302251068344148,"[0.00270723 0.0025592  0.00258354 0.00236381 0.00259482 0.00227987
 0.00278873 0.00290238 0.00288154 0.00291685 0.00260867 0.00254167
 0.00264079 0.00262338 0.00268004]"
normal_24,cylinder_16,Standard Sliced Wasserstein,0.006249677058940178,0.0004020697792643652,15.54376225533466,10.046332120895386,0.8110482452621447,"[0.00649131 0.0058971  0.00599261 0.00577068 0.00613807 0.00548389
 0.00636984 0.00701984 0.00677005 0.00683853 0.00632648 0.00602585
 0.00606149 0.00615832 0.00640108]"
normal_24,cylinder_16,RISWIE-PCA,0.005526766372551018,0.0003575258599536569,15.458368167459009,6.524655342102051,0.9050898093689846,"[0.00578633 0.00538438 0.00542168 0.00530605 0.00535836 0.00476742
 0.00551459 0.00609018 0.00588127 0.00623055 0.00552003 0.0052298
 0.00527042 0.00538487 0.00575556]"
gaussian_mixture_17,banana_19,Standard OT,0.00015944697599323948,4.829374691783773e-05,3.301607064461306,23.948569774627686,4.78252603850316,"[1.29874638e-04 2.61623824e-04 1.33270545e-04 2.24424691e-04
 1.84759777e-04 2.26527302e-04 1.24251156e-04 1.35763776e-04
 1.67815376e-04 1.65437439e-04 1.26838200e-04 1.62318613e-04
 6.17131957e-05 1.26411999e-04 1.60674109e-04]"
gaussian_mixture_17,banana_19,Standard Sliced Wasserstein,0.00032817789809891655,9.137008572173932e-05,3.591743353490523,9.908064365386963,4.005539743498039,"[0.00027054 0.00052058 0.00025244 0.00045662 0.00037699 0.00042723
 0.00029504 0.00030013 0.00033138 0.00034672 0.00025449 0.00035222
 0.00012594 0.00029308 0.00031927]"
gaussian_mixture_17,banana_19,RISWIE-PCA,0.0003287487321450178,9.40445778125596e-05,3.4956691793571286,6.645971059799194,3.974547021662352,"[0.00026518 0.00052942 0.0002774  0.00045864 0.00037986 0.00044936
 0.00027543 0.00029611 0.00034033 0.00032918 0.00027037 0.00034216
 0.00013065 0.00025937 0.00032777]"
swissroll_2,normal_15,Standard OT,0.021407396725616572,0.00012939179530384976,165.44632273897852,16.484461307525635,1.9569574790577426,"[0.02157172 0.02131183 0.0214202  0.02143313 0.02127383 0.02147073
 0.02163454 0.02131488 0.02148565 0.02148102 0.02127944 0.02120978
 0.02147336 0.02154689 0.02120395]"
swissroll_2,normal_15,Standard Sliced Wasserstein,0.05216482320808524,0.0005722855960086468,91.15173188335335,16.04415726661682,0.5172649149523022,"[0.0527122  0.05154259 0.05248466 0.05280906 0.05228386 0.05295773
 0.05278952 0.05101397 0.05166628 0.0526317  0.05205161 0.05132055
 0.05177402 0.05220006 0.05223453]"
swissroll_2,normal_15,RISWIE-PCA,0.136438072349461,0.000433828682510134,314.4975836084187,13.854221820831299,0.677863685182619,"[0.13661061 0.13566979 0.13713989 0.1368945  0.13624341 0.13638471
 0.13720349 0.13591691 0.13644668 0.13629867 0.13592884 0.13601947
 0.13663997 0.13676703 0.1364071 ]"
gaussian_mixture_20,swissroll_6,Standard OT,8.602089384446183e-05,2.6208250137734948e-05,3.2822066865352424,16.809871196746826,5.431897424799423,"[9.47348801e-05 3.83260586e-05 1.03084283e-04 5.57739723e-05
 9.35542163e-05 8.60081495e-05 1.19781652e-04 7.96256482e-05
 7.57392968e-05 1.32530712e-04 7.81636304e-05 3.46891992e-05
 9.91196116e-05 9.82773414e-05 1.00904756e-04]"
gaussian_mixture_20,swissroll_6,Standard Sliced Wasserstein,0.00017563325086901208,5.586174911390846e-05,3.1440700238525636,13.508475065231323,5.084919261359091,"[1.98900041e-04 6.90947948e-05 2.06459541e-04 1.20643402e-04
 1.98498036e-04 1.71285779e-04 2.28236160e-04 1.53662842e-04
 1.70018922e-04 2.71733293e-04 1.47882969e-04 6.29531887e-05
 2.23213763e-04 1.93429443e-04 2.18486588e-04]"
gaussian_mixture_20,swissroll_6,RISWIE-PCA,0.0001873555158830235,5.0705272028821726e-05,3.694990843881628,8.75035572052002,5.120342032135775,"[2.05510218e-04 8.40206643e-05 2.06418498e-04 1.41553789e-04
 2.08531154e-04 1.88995319e-04 2.63389350e-04 1.75030028e-04
 1.56087025e-04 2.77356223e-04 1.65250946e-04 1.02151046e-04
 2.10832250e-04 2.18081790e-04 2.07124437e-04]"
banana_1,swissroll_27,Standard OT,0.03835684775784291,0.000908935943082098,42.199726009051005,13.893030405044556,1.0038973034440524,"[0.03931073 0.03777329 0.03841004 0.03880877 0.03695709 0.03813278
 0.03990079 0.03756132 0.03835901 0.0380634  0.03722264 0.03759381
 0.03783891 0.03981812 0.03960203]"
banana_1,swissroll_27,Standard Sliced Wasserstein,0.22910231630866712,0.0017339933188908752,132.1241055618422,12.713541269302368,0.12488983672509786,"[0.22953195 0.2273889  0.23268051 0.23032735 0.22789952 0.22737693
 0.2323783  0.2284444  0.22965066 0.22655033 0.2289753  0.22826552
 0.22780398 0.23070627 0.22855483]"
banana_1,swissroll_27,RISWIE-PCA,0.08777294314068206,0.0011060814829319979,79.35486173045206,9.14989447593689,0.15939035559828432,"[0.08731061 0.08760956 0.0883016  0.08892849 0.08581297 0.08747736
 0.08720847 0.08681889 0.08771955 0.08659971 0.08661415 0.0888781
 0.08944332 0.08796084 0.08991055]"
gaussian_mixture_11,normal_7,Standard OT,0.00012844841291540264,4.046196075224991e-05,3.174547415086902,21.40101933479309,4.739113174169187,"[1.86147413e-04 1.21225136e-04 1.55299989e-04 1.56175629e-04
 1.68009662e-04 1.34666938e-04 1.76234255e-04 1.47806873e-04
 4.36823770e-05 8.60969166e-05 8.38394518e-05 8.13491930e-05
 1.01192097e-04 1.65945435e-04 1.19054829e-04]"
gaussian_mixture_11,normal_7,Standard Sliced Wasserstein,0.00034846187901412657,9.999338607663372e-05,3.4848492754017713,14.190471887588501,3.499127653518021,"[0.00048923 0.00033621 0.00038075 0.00040303 0.00043281 0.00039895
 0.00045088 0.00040039 0.00015705 0.00024581 0.00025305 0.00018566
 0.00029757 0.00047811 0.00031742]"
gaussian_mixture_11,normal_7,RISWIE-PCA,0.00026544690610568627,9.001298861482075e-05,2.9489844764689894,7.263567209243774,3.6055797141974337,"[3.99420441e-04 2.50127766e-04 3.03493133e-04 3.19824702e-04
 3.49157991e-04 2.91709170e-04 3.24387416e-04 3.02038631e-04
 7.14325659e-05 1.50375081e-04 1.85487475e-04 1.63984191e-04
 2.00857027e-04 3.85204557e-04 2.84203443e-04]"
normal_28,swissroll_1,Standard OT,0.004882718332437054,0.00031951011102377585,15.281889880704632,16.61537194252014,1.958519806087142,"[0.00426612 0.00468293 0.00497564 0.00525531 0.0046297  0.00442429
 0.00552212 0.00497832 0.0050955  0.00513924 0.00473337 0.00479842
 0.00483408 0.00470905 0.00519668]"
normal_28,swissroll_1,Standard Sliced Wasserstein,0.01271360105891476,0.0007607657799011139,16.711583768354174,12.628018379211426,0.5200133767235869,"[0.01105663 0.01226116 0.01267246 0.01366889 0.01221496 0.01160348
 0.01409395 0.01273048 0.01317778 0.01360157 0.01278566 0.01250858
 0.01266372 0.01241496 0.01324973]"
normal_28,swissroll_1,RISWIE-PCA,0.00990568095282125,0.000586290853127217,16.895506556149282,11.220316648483276,0.6781054810801986,"[0.00901026 0.00949735 0.01003286 0.01056907 0.00944296 0.0090467
 0.01126502 0.00989873 0.0100441  0.01046116 0.00996449 0.00981636
 0.00975715 0.00935577 0.01042324]"
gaussian_mixture_24,swissroll_7,Standard OT,9.708225682650374e-05,4.131596250431358e-05,2.3497517894292765,12.859976530075073,5.429367574631989,"[1.67546012e-04 3.66977600e-05 7.82068270e-05 5.48650274e-05
 1.39279583e-04 4.08093396e-05 8.46961042e-05 1.15785385e-04
 1.85130360e-04 1.02034557e-04 8.13294191e-05 1.16668900e-04
 6.65498120e-05 9.75177700e-05 8.91169963e-05]"
gaussian_mixture_24,swissroll_7,Standard Sliced Wasserstein,0.00019921713899320896,8.469193881883774e-05,2.3522562096417348,11.13808274269104,5.085938133062622,"[3.40654239e-04 7.87297696e-05 1.76760654e-04 1.26060069e-04
 2.70186426e-04 6.61847692e-05 1.62068855e-04 2.39405345e-04
 3.86019239e-04 2.00410567e-04 1.64103400e-04 2.42863854e-04
 1.41632374e-04 1.88864168e-04 2.04313357e-04]"
gaussian_mixture_24,swissroll_7,RISWIE-PCA,0.0002019809078017145,8.3387607283746e-05,2.4221933495996213,7.765567302703857,5.155863421324668,"[3.41101201e-04 9.19662117e-05 1.69464519e-04 1.04982695e-04
 2.75062653e-04 8.87439777e-05 1.66487001e-04 2.46359148e-04
 3.86098234e-04 2.11708159e-04 1.67857150e-04 2.42821427e-04
 1.37679926e-04 2.02397449e-04 1.96983865e-04]"
torus_15,torus_22,Standard OT,0.09461553169782781,0.0011779834594784024,80.31991530655489,9.932432413101196,0.8901259226454977,"[0.09612342 0.09254665 0.09567423 0.09457861 0.09484189 0.09325059
 0.09490471 0.09242444 0.09404897 0.09496493 0.0939553  0.09478087
 0.09630554 0.09622089 0.09461194]"
torus_15,torus_22,Standard Sliced Wasserstein,0.062153448473389196,0.002891654422283011,21.494078958549263,14.846740961074829,0.11779368282974563,"[0.06673765 0.058194   0.0633905  0.06047898 0.06407569 0.05818189
 0.06093969 0.05751578 0.06271093 0.06264096 0.06087196 0.06143078
 0.0659322  0.06714817 0.06205255]"
torus_15,torus_22,RISWIE-PCA,0.12295605851287926,0.0030463333573950008,40.36198409291037,8.480989933013916,0.11768864319136177,"[0.12654595 0.11746764 0.12544166 0.12293639 0.12618622 0.11852757
 0.12308686 0.11794002 0.12390987 0.12379201 0.12108105 0.12272366
 0.12579922 0.12737171 0.12153105]"
normal_26,torus_14,Standard OT,0.003466801717927596,0.00021333783867784486,16.25028986612502,20.157294511795044,2.0751736950597897,"[0.00353077 0.00389744 0.00345652 0.00336543 0.00331059 0.00350924
 0.00363548 0.0033439  0.00319402 0.00378782 0.00364192 0.00324175
 0.00348702 0.00307844 0.00352166]"
normal_26,torus_14,Standard Sliced Wasserstein,0.012763464411873409,0.0006515180275317481,19.59034726978672,16.35260319709778,0.31709155887611434,"[0.01313782 0.01401393 0.01283094 0.01366398 0.01244355 0.01286949
 0.01299016 0.01218006 0.01180276 0.01377081 0.01249656 0.01212437
 0.01282506 0.01185823 0.01244425]"
normal_26,torus_14,RISWIE-PCA,0.006917453884165094,0.0004989166251667617,13.864949643345621,7.89180064201355,0.7252735898916544,"[0.00739373 0.00717392 0.00651606 0.00731447 0.00709759 0.00715411
 0.00748466 0.00632012 0.0056734  0.00752707 0.00664854 0.00713068
 0.00689359 0.00637244 0.00706142]"
banana_9,torus_2,Standard OT,0.004274951903192229,0.00043669017672104263,9.789439128883966,20.164902687072754,1.4778714568715645,"[0.00451352 0.00472839 0.00411072 0.00359289 0.00430336 0.00438195
 0.00362676 0.00457638 0.00455334 0.00516494 0.00358794 0.00389328
 0.00454083 0.00416412 0.00438587]"
banana_9,torus_2,Standard Sliced Wasserstein,0.06802562397060319,0.001172717616517574,58.00682364831157,16.69926142692566,0.3447242515342811,"[0.06808498 0.06638466 0.06916441 0.06971587 0.0668016  0.0682404
 0.06988398 0.06705591 0.06747746 0.0667178  0.06903637 0.06769452
 0.06708036 0.06980955 0.06723649]"
banana_9,torus_2,RISWIE-PCA,0.0015190270745885906,0.0008195807390436176,1.8534196842658461,14.527002334594727,0.37310643093253587,"[0.00180673 0.0020926  0.00148101 0.00088509 0.00222781 0.00165279
 0.00077405 0.00245755 0.00244798 0.0030395  0.00021289 0.00025377
 0.00159101 0.00118318 0.00067945]"
normal_27,torus_18,Standard OT,0.0018890328752367716,0.00018618517912233627,10.145989515070633,23.450108766555786,2.3981641170239563,"[0.00205327 0.00188905 0.001977   0.00150025 0.00180189 0.00209166
 0.00199041 0.00182294 0.00179594 0.00171195 0.00222698 0.00185831
 0.00192627 0.00207968 0.0016099 ]"
normal_27,torus_18,Standard Sliced Wasserstein,0.008359053489090603,0.0007359949005746805,11.357488323035493,12.720473527908325,0.4811394677795041,"[0.00896782 0.00809727 0.0084386  0.00672425 0.00825173 0.01003262
 0.00834889 0.00849655 0.00781675 0.00799864 0.00895639 0.00830605
 0.00836252 0.00912567 0.00746205]"
normal_27,torus_18,RISWIE-PCA,0.003683846195459399,0.0003594121007497777,10.249644315743527,7.81682825088501,0.9663398169142129,"[0.00373422 0.00303117 0.00382522 0.002952   0.00349206 0.00428308
 0.00391697 0.00400666 0.0036241  0.00360937 0.00391993 0.00362138
 0.00378606 0.00412527 0.00333021]"
banana_10,gaussian_mixture_1,Standard OT,0.004264774530421627,5.18569047169216e-05,82.24120883616823,29.174673080444336,3.574362863859055,"[0.00427781 0.00417232 0.00422225 0.00428928 0.00423719 0.00438836
 0.00433639 0.0041954  0.00422127 0.00427446 0.0042948  0.00426214
 0.00427297 0.00425188 0.0042751 ]"
banana_10,gaussian_mixture_1,Standard Sliced Wasserstein,0.015209078987275831,0.00019405008073683662,78.37708147053961,9.644663095474243,2.1625798962673417,"[0.01545573 0.01496478 0.01534224 0.01551271 0.0149832  0.0152024
 0.01553782 0.01512339 0.01504064 0.01497309 0.01532436 0.01499941
 0.01513081 0.01535137 0.01519422]"
banana_10,gaussian_mixture_1,RISWIE-PCA,0.017037015729792018,0.00019158445874860056,88.92691944364962,6.119660377502441,2.1793433392454595,"[0.01709761 0.01680671 0.01723825 0.01736223 0.01679089 0.01698576
 0.01737251 0.01697562 0.01690722 0.01674991 0.01718274 0.01685498
 0.0171037  0.01712897 0.01699814]"
normal_11,torus_0,Standard OT,0.0022757624793356677,0.00015941541397670574,14.275673992655497,14.023837327957153,2.336310445852058,"[0.00268288 0.00248913 0.00242374 0.00226723 0.00233536 0.00221161
 0.00211012 0.00226978 0.002229   0.00228822 0.00229243 0.00222994
 0.00220997 0.00203285 0.00206419]"
normal_11,torus_0,Standard Sliced Wasserstein,0.007821056854910035,0.0005097117831763596,15.344077011858992,8.818390846252441,0.597900040042519,"[0.00899486 0.00815844 0.00824875 0.00750522 0.00854229 0.00738593
 0.00731337 0.00783453 0.00800035 0.00771394 0.00795723 0.00775487
 0.00773452 0.00708035 0.00709122]"
normal_11,torus_0,RISWIE-PCA,0.00464233227003059,0.00048944926642895,9.484807902362002,6.34127402305603,0.9223487592012388,"[0.00559412 0.0045364  0.00559375 0.00395922 0.00506981 0.0044289
 0.00479213 0.00462253 0.00490506 0.00443711 0.00458094 0.00382842
 0.00450305 0.00413585 0.00464768]"
swissroll_24,banana_26,Standard OT,0.046843772314242554,0.0009972502828607679,46.972934597585564,22.52213716506958,1.0196373650562451,"[0.04565187 0.048455   0.0474669  0.04610421 0.04761963 0.04758474
 0.04695353 0.04759818 0.0465319  0.04631725 0.04571269 0.04742878
 0.04542891 0.04544737 0.04835562]"
swissroll_24,banana_26,Standard Sliced Wasserstein,0.11743196033349808,0.003319498191412042,35.376419435115004,14.743471384048462,0.11665428536200141,"[0.11557079 0.12205975 0.11866244 0.11478495 0.12150911 0.11842121
 0.11601348 0.12105234 0.11588705 0.1154869  0.11244864 0.12085114
 0.1127755  0.1138434  0.1221127 ]"
swissroll_24,banana_26,RISWIE-PCA,0.013827960452074234,0.0027465010921888192,5.034755125858721,10.315355062484741,0.16256175208683282,"[0.01690088 0.0097422  0.01664525 0.01581216 0.01281473 0.0163278
 0.01662692 0.0125303  0.01227506 0.016101   0.01366284 0.00918236
 0.01506798 0.01502036 0.00870956]"
swissroll_17,torus_21,Standard OT,0.008585337096249559,0.0002778413333468082,30.90014359214558,14.572460889816284,1.5525873267727215,"[0.00842292 0.00867709 0.00893817 0.00876985 0.00914225 0.00842067
 0.00869282 0.00859138 0.00872613 0.00860334 0.00866132 0.00848596
 0.00794408 0.00817899 0.0085251 ]"
swissroll_17,torus_21,Standard Sliced Wasserstein,0.03976691702442551,0.0009622671802740199,41.32627386616395,14.150571823120117,0.3773156468572548,"[0.04047966 0.038955   0.03958412 0.04077979 0.03836709 0.03837402
 0.04121799 0.0397547  0.03985901 0.03835873 0.03973247 0.03954266
 0.04163096 0.04013881 0.03972875]"
swissroll_17,torus_21,RISWIE-PCA,0.0030143222616488352,0.001279778001627881,2.355347769546444,9.66727352142334,0.39913781871292503,"[0.00279839 0.00364903 0.00197096 0.00394103 0.00339044 0.00039093
 0.00372264 0.00462307 0.00422237 0.00128812 0.00308078 0.00382153
 0.00488505 0.00150653 0.00192395]"
banana_20,cylinder_23,Standard OT,0.03449141041324117,0.0007112992327681105,48.49071786428548,18.4951274394989,1.016132621615136,"[0.03476865 0.03484631 0.03492016 0.03543106 0.03388422 0.03315944
 0.03526013 0.03378877 0.03488782 0.03358281 0.03500487 0.03343462
 0.03449777 0.03534226 0.03456228]"
banana_20,cylinder_23,Standard Sliced Wasserstein,0.1776888558490022,0.0011810955589319184,150.4440978591849,13.401495456695557,0.10674293886350228,"[0.17813009 0.17685505 0.17887811 0.17927857 0.17695288 0.17687009
 0.17933136 0.17556093 0.17800072 0.17538407 0.17799616 0.17864197
 0.17846414 0.17696209 0.17802659]"
banana_20,cylinder_23,RISWIE-PCA,0.03989183189029142,0.00215998201939123,18.468594429102954,10.211120367050171,0.1342613728977809,"[0.03977529 0.04079669 0.04233078 0.03884154 0.03827545 0.03889909
 0.04309403 0.03952482 0.04191563 0.04254716 0.03902384 0.03440241
 0.03826176 0.04157155 0.03911745]"
torus_27,torus_4,Standard OT,0.09502812959428754,0.001096332174800321,86.67822743740543,14.64852261543274,0.8740966633182014,"[0.09511326 0.09551765 0.09754232 0.09362611 0.09465457 0.0953418
 0.09659872 0.09364334 0.09569605 0.093424   0.09393108 0.0956549
 0.09467871 0.09525832 0.09474113]"
torus_27,torus_4,Standard Sliced Wasserstein,0.09904643355476848,0.003031097523263708,32.67675579376314,10.47534728050232,0.09977386074454035,"[0.10005296 0.09750786 0.09275185 0.10552134 0.09594388 0.09745548
 0.09557966 0.10175729 0.09987144 0.10042234 0.10080755 0.09702281
 0.09999049 0.10230043 0.09871114]"
torus_27,torus_4,RISWIE-PCA,0.1272898138019244,0.002751337700433176,46.26470017907422,5.877305507659912,0.10954860858547429,"[0.12703123 0.12894127 0.13339948 0.12167483 0.12728491 0.12833336
 0.13096743 0.12519266 0.12659454 0.12412742 0.12439043 0.12863811
 0.12752081 0.12859974 0.12665099]"
cylinder_9,banana_29,Standard OT,0.05919952524105885,0.0009727552225090207,60.857576367840956,13.786031723022461,0.9631172140358014,"[0.05945877 0.06056798 0.05928668 0.05897605 0.05927077 0.05709054
 0.06071456 0.05885669 0.06065594 0.05829515 0.05885706 0.05817196
 0.05971279 0.05971106 0.05836689]"
cylinder_9,banana_29,Standard Sliced Wasserstein,0.14765158022395183,0.0031888267007947227,46.30279224241128,8.700231313705444,0.08804670698396226,"[0.15074443 0.14905813 0.14477082 0.14582472 0.14791056 0.14192181
 0.15223391 0.14689017 0.15287029 0.14454065 0.14979099 0.1436435
 0.15107149 0.14816569 0.14533653]"
cylinder_9,banana_29,RISWIE-PCA,0.060993673716047025,0.0028169048481866874,21.652727728915014,5.713822364807129,0.13593103651000174,"[0.06061131 0.05789666 0.06123372 0.05945736 0.06109629 0.05662437
 0.06334567 0.06011701 0.06578275 0.0596082  0.06458737 0.05649095
 0.06578731 0.06068302 0.06158312]"
banana_25,gaussian_mixture_23,Standard OT,0.003910659849381658,7.015746891925745e-05,55.74117637970011,14.090259552001953,3.803535519378334,"[0.00386864 0.0039403  0.00393564 0.00400899 0.00377113 0.00383079
 0.0040523  0.00396397 0.00392007 0.00381297 0.00388985 0.00391052
 0.0039471  0.00388567 0.00392198]"
banana_25,gaussian_mixture_23,Standard Sliced Wasserstein,0.013078345210333004,0.00011504564619976578,113.67961884992768,8.503692150115967,2.3624115419283176,"[0.01318408 0.01301636 0.0131413  0.01338183 0.01293219 0.01294867
 0.01313737 0.01299648 0.01301776 0.01301383 0.01306686 0.01305189
 0.0130217  0.01323578 0.01302908]"
banana_25,gaussian_mixture_23,RISWIE-PCA,0.012128747042703013,0.00016525726335088603,73.39312534148887,5.714617729187012,2.4003038712763884,"[0.01209675 0.01200327 0.01228386 0.01248884 0.01200414 0.01188608
 0.01206481 0.01216175 0.0119962  0.01214436 0.01220771 0.01216773
 0.0119601  0.01243761 0.012028  ]"
gaussian_mixture_7,gaussian_mixture_8,Standard OT,1.8354680483177213e-05,1.655190227773904e-05,1.1089166776837949,13.2378568649292,5.608644512259932,"[4.80630454e-05 1.27979903e-05 5.23831286e-05 3.65767001e-05
 6.91345506e-07 3.10665763e-05 1.68310224e-06 1.99481911e-06
 1.73255758e-05 5.77054072e-06 2.65234778e-05 2.20107801e-05
 6.34104474e-06 5.94582978e-06 6.14625071e-06]"
gaussian_mixture_7,gaussian_mixture_8,Standard Sliced Wasserstein,0.00015288936428926238,8.325260857391164e-05,1.8364513365791686,8.280511617660522,2.0956542971736307,"[1.05154409e-04 2.23695328e-04 1.06255309e-04 5.78840532e-05
 1.92258154e-04 2.38765357e-04 1.63602237e-04 9.16798423e-05
 2.04505373e-04 2.82532819e-04 1.72367023e-05 6.00342989e-05
 1.75028323e-04 7.93610286e-05 2.95347231e-04]"
gaussian_mixture_7,gaussian_mixture_8,RISWIE-PCA,0.0009932631075504454,0.0006180276219252237,1.6071500242275938,6.851318120956421,1.802865326556292,"[1.41102500e-03 2.24429961e-03 1.50559108e-03 1.09300856e-04
 2.02428518e-04 6.09975363e-04 1.16367234e-03 1.34343430e-03
 6.58221176e-06 1.34681502e-03 1.12219190e-03 5.62370640e-04
 9.22095646e-04 1.74477963e-03 6.04384496e-04]"
swissroll_18,torus_1,Standard OT,0.011202070480101613,0.0005225837229451949,21.435934546465795,14.72366213798523,1.4678299596890396,"[0.01098611 0.0109893  0.01209477 0.01119831 0.01118303 0.01102638
 0.01190899 0.01024289 0.01111704 0.01152723 0.01086733 0.01062711
 0.01063296 0.01156359 0.01206602]"
swissroll_18,torus_1,Standard Sliced Wasserstein,0.0450012503483562,0.0008649857790954695,52.0254221929692,16.135757207870483,0.34186483670248535,"[0.04600341 0.04559968 0.04474681 0.04595219 0.04433404 0.04503594
 0.0444259  0.04622271 0.0451142  0.04374406 0.04510789 0.04609277
 0.04534939 0.0437577  0.04353208]"
swissroll_18,torus_1,RISWIE-PCA,0.003912265320689436,0.0010970544043970916,3.5661543356543928,10.60255241394043,0.3609074315243398,"[0.00500876 0.00515532 0.00428105 0.00417705 0.00317024 0.00261715
 0.00333688 0.00525909 0.00363684 0.00249644 0.00523352 0.00570336
 0.00336375 0.00244456 0.00279997]"
gaussian_mixture_22,cylinder_19,Standard OT,0.00012425316660787838,3.905379876644154e-05,3.181589769306837,13.333383560180664,5.11523949006385,"[1.59246580e-04 1.45250362e-04 8.06032717e-05 2.07882718e-04
 1.52476932e-04 1.07979972e-04 4.48675213e-05 1.32495693e-04
 1.14533474e-04 1.33793519e-04 6.66281688e-05 1.26598269e-04
 1.38646741e-04 1.50417286e-04 1.02376991e-04]"
gaussian_mixture_22,cylinder_19,Standard Sliced Wasserstein,0.00026499002826184837,7.819556548264876e-05,3.388811457865196,9.25394868850708,4.47606127552066,"[0.00033835 0.00032051 0.00019522 0.00045907 0.00027852 0.00023269
 0.00010976 0.00026696 0.0002323  0.00027576 0.00016507 0.00028398
 0.00026134 0.00031965 0.00023567]"
gaussian_mixture_22,cylinder_19,RISWIE-PCA,0.0002651280471593224,8.168296204043468e-05,3.245818228629843,7.436642646789551,4.507893430685783,"[0.00032744 0.00031109 0.0001646  0.00045422 0.00030034 0.00022115
 0.00010509 0.00029991 0.00023719 0.00027515 0.00016892 0.00026999
 0.00029944 0.00032958 0.00021279]"
gaussian_mixture_26,banana_5,Standard OT,0.00033992880688308837,4.483718703602473e-05,7.581403503524215,18.123217344284058,3.902201811205857,"[0.00036545 0.00027709 0.00040018 0.00026185 0.00036873 0.00030786
 0.00029693 0.00038444 0.00032292 0.00034487 0.00038544 0.00034811
 0.00030763 0.00031122 0.00041621]"
gaussian_mixture_26,banana_5,Standard Sliced Wasserstein,0.0007183599733354337,0.00011769340679235598,6.103655191176692,9.896074533462524,2.584695451979853,"[0.00077657 0.00054471 0.00086545 0.00047222 0.00080315 0.00065472
 0.00062287 0.00085931 0.00067677 0.00076165 0.00084163 0.00066621
 0.00063379 0.00072616 0.00087019]"
gaussian_mixture_26,banana_5,RISWIE-PCA,0.0007134703384305155,0.00010203811444073117,6.992194459306034,6.364914178848267,2.6209304474418396,"[0.00071871 0.00055552 0.00084388 0.00051569 0.00077907 0.00065333
 0.00061147 0.00080917 0.0006877  0.00075912 0.00080945 0.00074784
 0.00065615 0.0006703  0.00088466]"
banana_27,normal_2,Standard OT,0.011512770210542589,0.0001158767898583611,99.35354806268724,14.626100301742554,1.9500712124238972,"[0.01170488 0.01148496 0.01146387 0.01166173 0.01147388 0.01132207
 0.01152844 0.01148221 0.01176384 0.01143855 0.0114385  0.01139596
 0.01154903 0.01142041 0.01156321]"
banana_27,normal_2,Standard Sliced Wasserstein,0.05433982117374813,0.000647846639486609,83.87759982333186,11.90561819076538,0.5695654091085764,"[0.05561239 0.05401564 0.05481065 0.05543872 0.05387492 0.05396566
 0.05465619 0.05430606 0.05463048 0.05329642 0.05419681 0.05343097
 0.05375522 0.05489392 0.05421327]"
banana_27,normal_2,RISWIE-PCA,0.06578571214764765,0.0005176054053105014,127.0962618873427,9.942845582962036,0.6235266931951955,"[0.06663377 0.06559902 0.06595109 0.06600902 0.06583438 0.06551468
 0.06615952 0.06561676 0.06684994 0.06524532 0.06522198 0.06470203
 0.0658666  0.06569083 0.06589074]"
normal_10,gaussian_mixture_6,Standard OT,0.00010843655646177191,6.800781074990162e-05,1.5944720946913995,19.069589614868164,4.0316953644122195,"[1.93430427e-04 1.14923707e-04 1.52610852e-04 3.71861631e-05
 1.58847831e-04 1.71813282e-04 6.28692452e-05 1.18092392e-04
 1.49431689e-05 2.60518101e-04 1.04654598e-05 8.01369699e-05
 5.23274983e-05 7.96185572e-05 1.18764694e-04]"
normal_10,gaussian_mixture_6,Standard Sliced Wasserstein,0.0021371371864813775,0.0001472390880329581,14.514740718870787,9.520896911621094,2.183925270662267,"[0.00228398 0.00217023 0.002272   0.00201269 0.00196708 0.00202028
 0.0020489  0.00204377 0.0021174  0.00230414 0.00210989 0.00200067
 0.00235926 0.00193868 0.00240808]"
normal_10,gaussian_mixture_6,RISWIE-PCA,0.001071105425773389,0.00019324509970485113,5.542730073928495,7.233367443084717,2.505172450146808,"[0.00089296 0.00129263 0.00145122 0.00125295 0.0011645  0.0009129
 0.00096174 0.00120899 0.00112638 0.00068215 0.00100472 0.00081586
 0.00101898 0.00116118 0.00111943]"
gaussian_mixture_28,torus_13,Standard OT,0.0003625096514593601,7.848635245868554e-05,4.6187603335265415,13.627202987670898,3.638908340998583,"[0.00042396 0.00033027 0.00031483 0.00037748 0.00039712 0.00041991
 0.00030857 0.00037086 0.00049614 0.00021389 0.00039717 0.00030286
 0.00048343 0.00022771 0.00037345]"
gaussian_mixture_28,torus_13,Standard Sliced Wasserstein,0.0008258846111687421,0.0001656001604517143,4.987221080679771,8.459377765655518,2.0863202233078164,"[0.00091547 0.0007489  0.00072638 0.00090315 0.00083717 0.00096913
 0.00074329 0.00088076 0.00106554 0.00050025 0.00098448 0.0006811
 0.00104081 0.00052059 0.00087126]"
gaussian_mixture_28,torus_13,RISWIE-PCA,0.0008464665133505801,0.00017168581425122797,4.930322968395892,5.645437717437744,2.200299738006773,"[0.0010505  0.00072899 0.00073099 0.00094929 0.00084008 0.00089822
 0.00072984 0.00085179 0.00106156 0.00054746 0.0010926  0.00079379
 0.0010828  0.00054919 0.00078989]"
